phase,batch_size,seq_len,shape,exit_fraction,best_layout,best_block_size,best_median_ms,worst_layout,worst_block_size,worst_median_ms,speedup_vs_worst,heuristic_block_size,heuristic_matched_best
prefill,1,128,slm_gqa,0.0,head_major,32,0.1488775,head_major,16,0.2620795,1.7603701029369785,256,0
prefill,1,128,llama_gqa,0.0,head_major,64,0.3668345,head_major,256,0.6530294999999999,1.780174710939129,64,1
prefill,1,128,mha,0.0,head_major,64,0.12756,head_major,256,0.2182675,1.7110967387895892,128,0
prefill,1,512,slm_gqa,0.0,head_major,64,0.4700835,head_major,16,0.626402,1.3325334754357472,256,0
prefill,1,512,llama_gqa,0.0,head_major,64,1.266062,block_major,16,1.596531,1.2610211822169846,64,1
prefill,1,512,mha,0.0,head_major,64,0.341698,block_major,16,0.469788,1.3748631832788016,128,0
prefill,1,2048,slm_gqa,0.0,head_major,64,2.3278185000000002,head_major,16,3.1029489999999997,1.3329857976470243,256,0
prefill,1,2048,llama_gqa,0.0,head_major,64,10.743159,head_major,16,12.681611,1.1804359406762945,64,1
prefill,1,2048,mha,0.0,head_major,128,1.8648734999999999,block_major,16,2.661968,1.4274255063413148,128,1
prefill,1,8192,slm_gqa,0.0,block_major,64,9.8772625,block_major,256,12.621870000000001,1.2778712725312302,256,0
prefill,1,8192,llama_gqa,0.0,head_major,128,62.463503,block_major,16,74.309222,1.189642245968818,64,0
prefill,1,8192,mha,0.0,block_major,128,10.186417,block_major,16,13.7882615,1.3535928776526625,128,1
prefill,4,128,slm_gqa,0.0,block_major,128,0.158607,head_major,256,0.226241,1.426425063206542,256,0
prefill,4,128,llama_gqa,0.0,head_major,64,0.420396,head_major,256,0.6949305,1.6530378500271172,64,1
prefill,4,128,mha,0.0,head_major,64,0.1917565,block_major,256,0.2508765,1.308307671447904,128,0
prefill,4,512,slm_gqa,0.0,head_major,64,0.7374125,block_major,16,0.984827,1.3355170952485889,256,0
prefill,4,512,llama_gqa,0.0,head_major,64,3.273323,block_major,16,3.987451,1.2181660654936894,64,1
prefill,4,512,mha,0.0,head_major,64,0.6789795000000001,block_major,16,0.918793,1.353196966918736,128,0
prefill,4,2048,slm_gqa,0.0,head_major,16,5.359519,block_major,16,7.518107499999999,1.4027578780857013,256,0
prefill,4,2048,llama_gqa,0.0,head_major,64,24.6886065,block_major,16,28.5858815,1.1578572285965187,64,1
prefill,4,2048,mha,0.0,head_major,64,5.6175055,head_major,16,7.7966105,1.3879132828619394,128,0
prefill,4,8192,slm_gqa,0.0,block_major,256,35.0123325,head_major,16,45.381168,1.2961480929612446,256,1
prefill,4,8192,llama_gqa,0.0,head_major,128,227.0084465,head_major,16,285.713518,1.2586030273547555,64,0
prefill,4,8192,mha,0.0,block_major,256,38.096033,head_major,16,50.21598,1.3181419703201118,128,0
prefill,16,128,slm_gqa,0.0,head_major,32,0.257043,head_major,256,0.5003075,1.9463961282742575,256,0
prefill,16,128,llama_gqa,0.0,head_major,64,1.356269,head_major,256,2.417887,1.7827488499700281,64,1
prefill,16,128,mha,0.0,head_major,64,0.37484300000000004,head_major,256,0.5653795,1.5083101458477282,128,0
prefill,16,512,slm_gqa,0.0,head_major,64,1.888072,block_major,16,2.4313969999999996,1.2877670978649118,256,0
prefill,16,512,llama_gqa,0.0,head_major,32,14.04289,block_major,32,17.087354,1.216797539537802,64,0
prefill,16,512,mha,0.0,head_major,64,2.0447854999999997,block_major,16,2.642291,1.2922093784409174,128,0
prefill,16,2048,slm_gqa,0.0,head_major,64,13.708345999999999,block_major,16,17.163686,1.2520610436882758,256,0
prefill,16,2048,llama_gqa,0.0,head_major,64,90.104016,block_major,16,104.44307,1.1591389000907575,64,1
prefill,16,2048,mha,0.0,head_major,32,16.0569515,block_major,16,20.4768115,1.2752614654157732,128,0
prefill,16,8192,slm_gqa,0.0,block_major,256,131.604642,head_major,16,172.941099,1.3140957368357873,256,1
prefill,16,8192,llama_gqa,0.0,head_major,128,884.0307379999999,head_major,16,1242.2843724999998,1.4052502012661916,64,0
prefill,16,8192,mha,0.0,head_major,256,141.1895595,head_major,16,185.587414,1.314455648542483,128,0
decode,1,128,slm_gqa,0.0,head_major,16,0.04012,head_major,128,0.044741500000000003,1.115191924227318,256,0
decode,1,128,slm_gqa,0.25,head_major,16,0.038858000000000004,head_major,64,0.045474,1.1702609501261,256,0
decode,1,128,slm_gqa,0.5,head_major,16,0.040014999999999995,head_major,64,0.046033500000000005,1.1504060977133577,256,0
decode,1,128,slm_gqa,0.75,block_major,256,0.042677999999999994,head_major,128,0.0462095,1.0827475514316511,256,1
decode,1,128,llama_gqa,0.0,block_major,32,0.048502,head_major,64,0.053116,1.0951300977279286,64,0
decode,1,128,llama_gqa,0.25,block_major,32,0.048177,head_major,64,0.052745,1.0948170288726986,64,0
decode,1,128,llama_gqa,0.5,block_major,32,0.048387,head_major,128,0.053511,1.1058962117924236,64,0
decode,1,128,llama_gqa,0.75,block_major,64,0.048477,head_major,16,0.052811,1.089403222146585,64,1
decode,1,128,mha,0.0,block_major,256,0.0426725,head_major,128,0.0457985,1.073255609584627,128,0
decode,1,128,mha,0.25,block_major,32,0.0430935,head_major,16,0.0460505,1.0686182370891202,128,0
decode,1,128,mha,0.5,block_major,32,0.042623,head_major,16,0.045294,1.0626656969241959,128,0
decode,1,128,mha,0.75,head_major,256,0.043053999999999995,head_major,128,0.0457235,1.0620035304501325,128,0
decode,1,512,slm_gqa,0.0,block_major,256,0.045377,head_major,16,0.0489395,1.0785089362452343,256,1
decode,1,512,slm_gqa,0.25,block_major,128,0.0448915,head_major,16,0.048438499999999995,1.0790127306951203,256,0
decode,1,512,slm_gqa,0.5,block_major,32,0.045387,head_major,32,0.0498005,1.0972415008702934,256,0
decode,1,512,slm_gqa,0.75,block_major,256,0.044700500000000004,head_major,16,0.0486495,1.0883435308329883,256,1
decode,1,512,llama_gqa,0.0,block_major,128,0.056435,block_major,16,0.0608975,1.0790732701337822,64,0
decode,1,512,llama_gqa,0.25,head_major,256,0.057041,head_major,64,0.0611885,1.0727108571027857,64,0
decode,1,512,llama_gqa,0.5,block_major,32,0.0572115,head_major,32,0.0620255,1.0841439221135611,64,0
decode,1,512,llama_gqa,0.75,head_major,256,0.057291499999999995,head_major,32,0.0610495,1.0655943726381751,64,0
decode,1,512,mha,0.0,block_major,256,0.045923,head_major,32,0.0490795,1.0687346209960151,128,0
decode,1,512,mha,0.25,block_major,128,0.0455175,head_major,16,0.0492205,1.0813533256439831,128,1
decode,1,512,mha,0.5,block_major,128,0.045297000000000004,head_major,32,0.04925499999999999,1.0873788551118173,128,1
decode,1,512,mha,0.75,block_major,64,0.045748,head_major,32,0.049505,1.0821238086910905,128,0
decode,1,2048,slm_gqa,0.0,block_major,128,0.0655545,block_major,16,0.0755555,1.1525600835945662,256,0
decode,1,2048,slm_gqa,0.25,head_major,256,0.0655105,block_major,16,0.07404749999999999,1.1303149876737315,256,1
decode,1,2048,slm_gqa,0.5,head_major,256,0.06553500000000001,block_major,16,0.073908,1.127763790341039,256,1
decode,1,2048,slm_gqa,0.75,block_major,256,0.06623499999999999,head_major,16,0.07354,1.1102891220653734,256,1
decode,1,2048,llama_gqa,0.0,block_major,256,0.10298299999999999,block_major,128,0.1196695,1.1620315974481226,64,0
decode,1,2048,llama_gqa,0.25,block_major,32,0.09848699999999999,block_major,16,0.113977,1.1572796409678434,64,0
decode,1,2048,llama_gqa,0.5,block_major,64,0.1008755,head_major,16,0.1110505,1.1008669102011885,64,1
decode,1,2048,llama_gqa,0.75,head_major,256,0.10358600000000001,block_major,32,0.1125545,1.086580232849999,64,0
decode,1,2048,mha,0.0,block_major,128,0.06603,head_major,16,0.0739205,1.1194987127063456,128,1
decode,1,2048,mha,0.25,block_major,128,0.0653845,block_major,64,0.08020250000000001,1.2266286352270035,128,1
decode,1,2048,mha,0.5,head_major,256,0.06556000000000001,block_major,16,0.073392,1.119463087248322,128,0
decode,1,2048,mha,0.75,block_major,64,0.06615599999999999,head_major,16,0.072538,1.0964689521736504,128,0
decode,1,8192,slm_gqa,0.0,head_major,256,0.1491785,block_major,16,0.198717,1.3320753325713828,256,1
decode,1,8192,slm_gqa,0.25,block_major,256,0.1449295,block_major,16,0.205428,1.4174339937693845,256,1
decode,1,8192,slm_gqa,0.5,block_major,128,0.14800000000000002,head_major,16,0.19705050000000002,1.3314222972972973,256,0
decode,1,8192,slm_gqa,0.75,block_major,256,0.14620149999999998,head_major,16,0.195899,1.3399246929751063,256,1
decode,1,8192,llama_gqa,0.0,head_major,256,0.22294150000000001,block_major,16,0.2805625,1.2584579362747625,64,0
decode,1,8192,llama_gqa,0.25,head_major,256,0.2252405,block_major,16,0.276962,1.2296278866367283,64,0
decode,1,8192,llama_gqa,0.5,head_major,256,0.2243735,block_major,16,0.273652,1.219627095000078,64,0
decode,1,8192,llama_gqa,0.75,head_major,256,0.2235075,block_major,16,0.2754395,1.2323501448497254,64,0
decode,1,8192,mha,0.0,head_major,256,0.144156,block_major,16,0.203209,1.4096464940758622,128,0
decode,1,8192,mha,0.25,head_major,256,0.14427099999999998,block_major,16,0.202728,1.405188845991225,128,0
decode,1,8192,mha,0.5,head_major,64,0.1473275,block_major,16,0.204672,1.389231474096825,128,0
decode,1,8192,mha,0.75,head_major,256,0.145212,block_major,16,0.204081,1.4054003801338733,128,0
decode,4,128,slm_gqa,0.0,block_major,16,0.048317,head_major,128,0.052819000000000005,1.0931763147546414,256,0
decode,4,128,slm_gqa,0.25,block_major,128,0.0464835,head_major,64,0.049079,1.0558370174362945,256,0
decode,4,128,slm_gqa,0.5,block_major,128,0.044706,head_major,16,0.049005,1.0961615890484497,256,0
decode,4,128,slm_gqa,0.75,block_major,32,0.042593,head_major,64,0.0448975,1.0541051346465382,256,0
decode,4,128,llama_gqa,0.0,head_major,256,0.066742,head_major,16,0.081092,1.215007042042492,64,0
decode,4,128,llama_gqa,0.25,head_major,256,0.080684,head_major,64,0.08952950000000001,1.1096314015170294,64,0
decode,4,128,llama_gqa,0.5,block_major,16,0.058954000000000006,head_major,16,0.06396450000000001,1.0849899921973063,64,0
decode,4,128,llama_gqa,0.75,block_major,32,0.0486725,head_major,128,0.0527445,1.0836612049925523,64,0
decode,4,128,mha,0.0,block_major,16,0.0502255,head_major,64,0.055113999999999996,1.097331037023026,128,0
decode,4,128,mha,0.25,block_major,16,0.0472755,head_major,32,0.051413,1.087518905141141,128,0
decode,4,128,mha,0.5,block_major,128,0.045417,head_major,32,0.0485435,1.0688398617257855,128,1
decode,4,128,mha,0.75,block_major,16,0.0432835,head_major,32,0.045302999999999996,1.0466575022814697,128,0
decode,4,512,slm_gqa,0.0,block_major,16,0.052869,head_major,16,0.0560115,1.0594393690064121,256,0
decode,4,512,slm_gqa,0.25,block_major,128,0.049904500000000004,head_major,16,0.054248000000000005,1.0870362392169042,256,0
decode,4,512,slm_gqa,0.5,block_major,128,0.0467645,head_major,32,0.051002,1.090613606474997,256,0
decode,4,512,slm_gqa,0.75,block_major,256,0.0455675,head_major,32,0.049475,1.085751906512317,256,1
decode,4,512,llama_gqa,0.0,head_major,256,0.10505300000000001,block_major,16,0.119165,1.1343321942257716,64,0
decode,4,512,llama_gqa,0.25,head_major,256,0.1027595,block_major,16,0.1335535,1.2996705900670984,64,0
decode,4,512,llama_gqa,0.5,head_major,256,0.069667,head_major,32,0.07520199999999999,1.0794493806249728,64,0
decode,4,512,llama_gqa,0.75,block_major,128,0.0572265,head_major,16,0.062617,1.0941958707941253,64,0
decode,4,512,mha,0.0,head_major,256,0.0552535,head_major,32,0.0602825,1.0910168586605375,128,0
decode,4,512,mha,0.25,block_major,256,0.0515215,head_major,32,0.057137,1.108993332880448,128,0
decode,4,512,mha,0.5,block_major,128,0.0475405,head_major,64,0.05237,1.101587067868449,128,1
decode,4,512,mha,0.75,block_major,128,0.045441999999999996,head_major,16,0.049284999999999995,1.084569341138154,128,1
decode,4,2048,slm_gqa,0.0,head_major,256,0.073007,block_major,16,0.0815,1.1163313106962347,256,1
decode,4,2048,slm_gqa,0.25,head_major,256,0.07115350000000001,block_major,16,0.080438,1.1304854996591873,256,1
decode,4,2048,slm_gqa,0.5,block_major,256,0.0676175,block_major,16,0.07513449999999999,1.1111694457795689,256,1
decode,4,2048,slm_gqa,0.75,block_major,64,0.06649050000000001,block_major,16,0.0728315,1.0953670073168345,256,0
decode,4,2048,llama_gqa,0.0,block_major,64,0.2428415,block_major,16,0.277698,1.1435360101135927,64,1
decode,4,2048,llama_gqa,0.25,head_major,16,0.211754,block_major,16,0.313215,1.4791456123615139,64,0
decode,4,2048,llama_gqa,0.5,block_major,128,0.1067645,block_major,32,0.1461575,1.3689709594481312,64,0
decode,4,2048,llama_gqa,0.75,head_major,256,0.10021050000000001,block_major,16,0.1126545,1.124178604038499,64,0
decode,4,2048,mha,0.0,head_major,256,0.0754605,head_major,16,0.08283,1.0976603653567099,128,0
decode,4,2048,mha,0.25,block_major,256,0.073382,block_major,64,0.07939650000000001,1.0819615164481753,128,0
decode,4,2048,mha,0.5,block_major,128,0.0691695,head_major,16,0.07499700000000001,1.0842495608613625,128,1
decode,4,2048,mha,0.75,block_major,64,0.0657045,head_major,16,0.07266349999999999,1.105913598003181,128,0
decode,4,8192,slm_gqa,0.0,head_major,256,0.15152300000000002,block_major,16,0.21728199999999998,1.4339869194775707,256,1
decode,4,8192,slm_gqa,0.25,head_major,64,0.154945,block_major,16,0.21259899999999998,1.3720933234373487,256,0
decode,4,8192,slm_gqa,0.5,block_major,256,0.14836549999999998,block_major,16,0.212033,1.4291260434534985,256,1
decode,4,8192,slm_gqa,0.75,head_major,256,0.147736,head_major,32,0.190013,1.2861658634320678,256,1
decode,4,8192,llama_gqa,0.0,block_major,256,0.762239,block_major,16,0.9613885,1.2612691032602634,64,0
decode,4,8192,llama_gqa,0.25,head_major,64,0.69582,block_major,16,1.0966895,1.576110919490673,64,1
decode,4,8192,llama_gqa,0.5,head_major,64,0.241804,head_major,32,0.3674595,1.5196584837306248,64,1
decode,4,8192,llama_gqa,0.75,head_major,256,0.2249895,block_major,16,0.2713485,1.2060496156487301,64,0
decode,4,8192,mha,0.0,head_major,64,0.157514,head_major,16,0.2326785,1.4771925035234965,128,0
decode,4,8192,mha,0.25,head_major,64,0.1564565,head_major,16,0.224485,1.4348077580669387,128,0
decode,4,8192,mha,0.5,head_major,64,0.1534625,block_major,256,0.213559,1.3916038120061904,128,0
decode,4,8192,mha,0.75,head_major,256,0.1450015,block_major,16,0.2006345,1.383671893049382,128,0
decode,16,128,slm_gqa,0.0,block_major,16,0.06930549999999999,head_major,32,0.07492599999999999,1.0810974597975629,256,0
decode,16,128,slm_gqa,0.25,block_major,16,0.061328,head_major,64,0.06562599999999999,1.0700821810592223,256,0
decode,16,128,slm_gqa,0.5,block_major,32,0.055318,head_major,64,0.058063500000000004,1.0496312231100184,256,0
decode,16,128,slm_gqa,0.75,block_major,16,0.048647499999999996,head_major,64,0.053761500000000004,1.1051235931959507,256,0
decode,16,128,llama_gqa,0.0,head_major,128,0.171555,head_major,16,0.20156800000000002,1.1749468100609135,64,0
decode,16,128,llama_gqa,0.25,head_major,256,0.1473505,head_major,16,0.1695855,1.1508987075035375,64,0
decode,16,128,llama_gqa,0.5,head_major,256,0.0936595,head_major,64,0.11154449999999999,1.1909576711385388,64,0
decode,16,128,llama_gqa,0.75,head_major,256,0.0650185,head_major,16,0.0804705,1.237655436529603,64,0
decode,16,128,mha,0.0,block_major,16,0.0971245,head_major,32,0.10633699999999999,1.0948524831530662,128,0
decode,16,128,mha,0.25,block_major,16,0.08554600000000001,head_major,16,0.091308,1.0673555747784815,128,0
decode,16,128,mha,0.5,block_major,16,0.058934,head_major,32,0.065691,1.114653680388231,128,0
decode,16,128,mha,0.75,block_major,16,0.049104,head_major,64,0.055284,1.1258553274682306,128,0
decode,16,512,slm_gqa,0.0,head_major,256,0.077214,head_major,32,0.09096699999999999,1.1781153676794363,256,1
decode,16,512,slm_gqa,0.25,head_major,256,0.0711385,head_major,64,0.0816815,1.148203855858642,256,1
decode,16,512,slm_gqa,0.5,head_major,256,0.063196,head_major,128,0.071014,1.1237103614152792,256,1
decode,16,512,slm_gqa,0.75,head_major,256,0.052359,head_major,64,0.0556895,1.063608930651846,256,1
decode,16,512,llama_gqa,0.0,head_major,32,0.25614400000000004,block_major,16,0.30395,1.186637204072709,64,0
decode,16,512,llama_gqa,0.25,head_major,64,0.223244,block_major,16,0.26483749999999995,1.1863140778699537,64,1
decode,16,512,llama_gqa,0.5,head_major,16,0.1495425,head_major,128,0.161544,1.0802547770700637,64,0
decode,16,512,llama_gqa,0.75,head_major,256,0.1040465,block_major,16,0.115344,1.1085812593407756,64,0
decode,16,512,mha,0.0,head_major,256,0.11357149999999999,block_major,16,0.1407095,1.2389507931127086,128,0
decode,16,512,mha,0.25,head_major,256,0.1002605,head_major,32,0.11757000000000001,1.1726452591000445,128,0
decode,16,512,mha,0.5,head_major,256,0.0643675,head_major,32,0.0733135,1.1389831825067,128,0
decode,16,512,mha,0.75,head_major,256,0.053615499999999996,head_major,128,0.05935,1.10695601085507,128,0
decode,16,2048,slm_gqa,0.0,head_major,256,0.142718,head_major,16,0.1595095,1.1176550960635658,256,1
decode,16,2048,slm_gqa,0.25,head_major,256,0.1143775,block_major,16,0.1444355,1.2627964416078337,256,1
decode,16,2048,slm_gqa,0.5,block_major,64,0.10476099999999999,block_major,128,0.13415349999999998,1.2805671958076001,256,0
decode,16,2048,slm_gqa,0.75,block_major,128,0.071819,block_major,16,0.07986750000000001,1.1120664448126543,256,0
decode,16,2048,llama_gqa,0.0,head_major,64,0.5568655,block_major,16,0.7504615,1.347653068829008,64,1
decode,16,2048,llama_gqa,0.25,head_major,64,0.5069505000000001,block_major,16,0.682714,1.3467074201524605,64,1
decode,16,2048,llama_gqa,0.5,head_major,256,0.26899,block_major,16,0.31184199999999995,1.1593070374363357,64,0
decode,16,2048,llama_gqa,0.75,head_major,256,0.2395875,block_major,16,0.280397,1.1703323420462253,64,0
decode,16,2048,mha,0.0,head_major,64,0.236034,block_major,64,0.2804055,1.1879877475278984,128,0
decode,16,2048,mha,0.25,block_major,256,0.1906825,block_major,16,0.22577999999999998,1.1840625122913744,128,0
decode,16,2048,mha,0.5,head_major,128,0.0953325,head_major,16,0.1168595,1.2258096661684106,128,1
decode,16,2048,mha,0.75,head_major,256,0.07261100000000001,block_major,16,0.0806685,1.11096803514619,128,0
decode,16,8192,slm_gqa,0.0,head_major,256,0.28988749999999996,head_major,16,0.475317,1.6396602130136693,256,1
decode,16,8192,slm_gqa,0.25,head_major,128,0.2817865,block_major,16,0.393442,1.3962414806954913,256,0
decode,16,8192,slm_gqa,0.5,block_major,256,0.26797499999999996,block_major,128,0.380539,1.4200541095251424,256,1
decode,16,8192,slm_gqa,0.75,head_major,128,0.1521035,block_major,16,0.22363650000000002,1.4702916106466979,256,0
decode,16,8192,llama_gqa,0.0,head_major,64,1.9444504999999999,head_major,128,2.7871300000000003,1.4333766789126288,64,1
decode,16,8192,llama_gqa,0.25,head_major,256,1.7382515,block_major,16,2.399279,1.3802830027760653,64,0
decode,16,8192,llama_gqa,0.5,head_major,256,0.8111904999999999,block_major,16,1.014257,1.2503314572840782,64,0
decode,16,8192,llama_gqa,0.75,block_major,256,0.753905,block_major,16,0.935556,1.2409468036423688,64,0
decode,16,8192,mha,0.0,head_major,128,0.812971,block_major,64,1.0548555,1.2975315232646674,128,1
decode,16,8192,mha,0.25,block_major,256,0.614464,block_major,16,0.7886565,1.283486908915738,128,0
decode,16,8192,mha,0.5,head_major,256,0.1721545,block_major,32,0.2550455,1.4814919156920092,128,0
decode,16,8192,mha,0.75,head_major,128,0.15611,block_major,16,0.227853,1.4595669720069182,128,1
mtd,1,128,slm_gqa,0.0,block_major,32,0.0557275,block_major,256,0.057736499999999996,1.036050423937912,256,0
mtd,1,128,slm_gqa,0.25,block_major,32,0.055252499999999996,head_major,32,0.0572005,1.0352563232432923,256,0
mtd,1,128,slm_gqa,0.5,head_major,32,0.0547015,block_major,128,0.056929999999999994,1.040739285028747,256,0
mtd,1,128,slm_gqa,0.75,head_major,32,0.054797,block_major,256,0.057666,1.0523568808511417,256,0
mtd,1,128,llama_gqa,0.0,head_major,256,0.13869399999999998,block_major,16,0.1445485,1.042211631361126,64,0
mtd,1,128,llama_gqa,0.25,head_major,32,0.140853,block_major,32,0.145831,1.0353418102560825,64,0
mtd,1,128,llama_gqa,0.5,head_major,256,0.1393505,block_major,32,0.1452695,1.04247562800277,64,0
mtd,1,128,llama_gqa,0.75,block_major,256,0.1367665,head_major,128,0.146507,1.0712199259321544,64,0
mtd,1,128,mha,0.0,head_major,32,0.0621385,block_major,256,0.063475,1.0215084046122775,128,0
mtd,1,128,mha,0.25,head_major,32,0.061938,block_major,16,0.0648725,1.0473780231844747,128,0
mtd,1,128,mha,0.5,block_major,64,0.062092999999999995,block_major,256,0.064202,1.0339651812603674,128,0
mtd,1,128,mha,0.75,head_major,32,0.061687500000000006,head_major,16,0.06453700000000001,1.0461925025329282,128,0
mtd,1,512,slm_gqa,0.0,head_major,128,0.060260499999999995,block_major,32,0.0653235,1.0840185527833326,256,0
mtd,1,512,slm_gqa,0.25,head_major,128,0.060245,block_major,16,0.064387,1.0687525935762303,256,0
mtd,1,512,slm_gqa,0.5,head_major,128,0.060926499999999995,block_major,16,0.0640165,1.0507168473488548,256,0
mtd,1,512,slm_gqa,0.75,head_major,16,0.060686000000000004,block_major,128,0.06363,1.0485120126553076,256,0
mtd,1,512,llama_gqa,0.0,block_major,64,0.164485,block_major,256,0.18967,1.1531142657385174,64,1
mtd,1,512,llama_gqa,0.25,head_major,32,0.15689399999999998,head_major,256,0.1877725,1.1968112228638446,64,0
mtd,1,512,llama_gqa,0.5,head_major,256,0.16331800000000002,block_major,64,0.19073649999999998,1.1678841278977208,64,0
mtd,1,512,llama_gqa,0.75,block_major,32,0.1623465,block_major,16,0.1938615,1.1941218320074654,64,0
mtd,1,512,mha,0.0,head_major,128,0.06642,block_major,16,0.071838,1.081571815718157,128,1
mtd,1,512,mha,0.25,head_major,128,0.065614,block_major,16,0.0718635,1.0952464413082572,128,1
mtd,1,512,mha,0.5,block_major,128,0.0668455,block_major,16,0.071739,1.0732061245708386,128,1
mtd,1,512,mha,0.75,head_major,128,0.0665705,block_major,16,0.07261000000000001,1.090723368459002,128,1
mtd,1,2048,slm_gqa,0.0,block_major,128,0.0894515,block_major,16,0.0990315,1.1070971420266849,256,0
mtd,1,2048,slm_gqa,0.25,head_major,64,0.0805425,block_major,16,0.1003385,1.2457832821181363,256,0
mtd,1,2048,slm_gqa,0.5,block_major,64,0.0908935,block_major,16,0.098185,1.0802202577742082,256,0
mtd,1,2048,slm_gqa,0.75,head_major,32,0.0914355,head_major,64,0.0977945,1.0695462921950447,256,0
mtd,1,2048,llama_gqa,0.0,head_major,256,0.27953700000000004,block_major,16,0.3946695,1.4118685540733424,64,0
mtd,1,2048,llama_gqa,0.25,head_major,256,0.292497,block_major,16,0.374016,1.2787002943619934,64,0
mtd,1,2048,llama_gqa,0.5,head_major,256,0.2777645,block_major,16,0.356373,1.283004127597299,64,0
mtd,1,2048,llama_gqa,0.75,head_major,128,0.2883465,block_major,16,0.3731195,1.2939969793286896,64,0
mtd,1,2048,mha,0.0,head_major,64,0.0978345,block_major,16,0.116965,1.1955394058333204,128,0
mtd,1,2048,mha,0.25,block_major,128,0.096182,block_major,16,0.1164595,1.2108242706535526,128,1
mtd,1,2048,mha,0.5,block_major,128,0.0959815,block_major,16,0.1155725,1.2041122507983308,128,1
mtd,1,2048,mha,0.75,head_major,128,0.0957215,block_major,16,0.10326850000000001,1.0788433110638678,128,1
mtd,1,8192,slm_gqa,0.0,head_major,128,0.1607445,head_major,16,0.361799,2.2507706328987926,256,0
mtd,1,8192,slm_gqa,0.25,block_major,128,0.162832,block_major,16,0.21292149999999999,1.307614596639481,256,0
mtd,1,8192,slm_gqa,0.5,head_major,128,0.15735349999999998,block_major,16,0.209892,1.3338883469385812,256,0
mtd,1,8192,slm_gqa,0.75,head_major,64,0.158581,block_major,16,0.210087,1.3247930079896078,256,0
mtd,1,8192,llama_gqa,0.0,head_major,64,0.9390565,block_major,16,1.5120755,1.6102071600590593,64,1
mtd,1,8192,llama_gqa,0.25,head_major,64,0.921659,block_major,16,1.496341,1.6235299606470506,64,1
mtd,1,8192,llama_gqa,0.5,head_major,128,0.947354,block_major,16,1.5584895,1.6450972920365565,64,0
mtd,1,8192,llama_gqa,0.75,head_major,64,0.9392565,block_major,16,1.5270695,1.625827982026209,64,1
mtd,1,8192,mha,0.0,head_major,256,0.162577,block_major,32,0.23862699999999998,1.4677783450303548,128,0
mtd,1,8192,mha,0.25,block_major,256,0.165882,head_major,16,0.2641685,1.592508530159993,128,0
mtd,1,8192,mha,0.5,block_major,256,0.1654565,block_major,16,0.2165125,1.3085765745074989,128,0
mtd,1,8192,mha,0.75,head_major,256,0.17297800000000002,block_major,16,0.21813,1.2610274138907835,128,0
mtd,4,128,slm_gqa,0.0,head_major,256,0.12374550000000001,block_major,16,0.127276,1.0285303303958526,256,1
mtd,4,128,slm_gqa,0.25,head_major,256,0.10487099999999999,block_major,256,0.1091825,1.0411124142994728,256,1
mtd,4,128,slm_gqa,0.5,head_major,32,0.08566599999999999,block_major,128,0.0903175,1.0542980879228632,256,0
mtd,4,128,slm_gqa,0.75,head_major,64,0.0549925,block_major,256,0.058207,1.0584534254671092,256,0
mtd,4,128,llama_gqa,0.0,block_major,64,0.2792365,head_major,32,0.584641,2.0937126772467067,64,1
mtd,4,128,llama_gqa,0.25,block_major,128,0.242423,block_major,16,0.254322,1.0490836265535861,64,0
mtd,4,128,llama_gqa,0.5,head_major,32,0.234035,block_major,32,0.24357499999999999,1.0407631337193155,64,0
mtd,4,128,llama_gqa,0.75,head_major,128,0.135675,head_major,32,0.14669749999999998,1.0812419384558687,64,0
mtd,4,128,mha,0.0,head_major,16,0.15148499999999998,block_major,16,0.1562965,1.031762220681916,128,0
mtd,4,128,mha,0.25,block_major,64,0.12459200000000001,block_major,256,0.128413,1.0306681006806215,128,0
mtd,4,128,mha,0.5,block_major,32,0.0991465,block_major,256,0.10463549999999999,1.055362519100523,128,0
mtd,4,128,mha,0.75,head_major,32,0.061532500000000004,block_major,64,0.065824,1.0697436314142932,128,0
mtd,4,512,slm_gqa,0.0,block_major,128,0.1322785,block_major,16,0.1546995,1.1694984445696013,256,0
mtd,4,512,slm_gqa,0.25,head_major,32,0.11464150000000001,block_major,16,0.1272815,1.110256756933571,256,0
mtd,4,512,slm_gqa,0.5,head_major,256,0.0924815,block_major,16,0.1031435,1.1152879224493548,256,1
mtd,4,512,slm_gqa,0.75,head_major,128,0.060761,block_major,128,0.0640415,1.0539902239923635,256,0
mtd,4,512,llama_gqa,0.0,block_major,256,0.3608805,block_major,16,0.405466,1.1235464371169959,64,0
mtd,4,512,llama_gqa,0.25,head_major,128,0.2966395,block_major,16,0.350729,1.1823408548086145,64,0
mtd,4,512,llama_gqa,0.5,head_major,256,0.2623795,block_major,16,0.3006155,1.1457278484027906,64,0
mtd,4,512,llama_gqa,0.75,head_major,64,0.15728399999999998,head_major,16,0.19132349999999998,1.2164206149385826,64,1
mtd,4,512,mha,0.0,head_major,128,0.16393999999999997,block_major,16,0.187226,1.1420397706477983,128,1
mtd,4,512,mha,0.25,head_major,128,0.13639099999999998,block_major,16,0.15423900000000001,1.130859074279095,128,1
mtd,4,512,mha,0.5,head_major,64,0.1077955,block_major,16,0.1216825,1.1288272701550621,128,0
mtd,4,512,mha,0.75,block_major,256,0.067156,block_major,16,0.0725745,1.0806852701173388,128,0
mtd,4,2048,slm_gqa,0.0,head_major,64,0.208395,block_major,16,0.2929985,1.4059766309172486,256,0
mtd,4,2048,slm_gqa,0.25,head_major,128,0.1827445,block_major,16,0.2464295,1.34849202027968,256,0
mtd,4,2048,slm_gqa,0.5,head_major,128,0.14305099999999998,block_major,16,0.200502,1.401612012499039,256,0
mtd,4,2048,slm_gqa,0.75,head_major,256,0.0899025,block_major,16,0.100374,1.1164761825310754,256,1
mtd,4,2048,llama_gqa,0.0,head_major,256,0.941229,block_major,16,1.4514945,1.5421268362959493,64,0
mtd,4,2048,llama_gqa,0.25,head_major,128,0.685559,block_major,16,0.915022,1.334709339385815,64,0
mtd,4,2048,llama_gqa,0.5,block_major,256,0.518024,block_major,16,0.6463225,1.2476690269176718,64,0
mtd,4,2048,llama_gqa,0.75,head_major,32,0.29034499999999996,block_major,32,0.332205,1.1441733110609793,64,0
mtd,4,2048,mha,0.0,head_major,32,0.2611985,block_major,16,0.372649,1.4266888975242966,128,0
mtd,4,2048,mha,0.25,head_major,256,0.213177,block_major,16,0.2860375,1.3417840573795483,128,0
mtd,4,2048,mha,0.5,head_major,64,0.1628885,block_major,16,0.2387475,1.4657112073596357,128,0
mtd,4,2048,mha,0.75,head_major,256,0.096528,block_major,16,0.113204,1.172758163434444,128,0
mtd,4,8192,slm_gqa,0.0,head_major,256,0.570948,block_major,16,0.9564425,1.6751832040746266,256,1
mtd,4,8192,slm_gqa,0.25,head_major,128,0.44181899999999996,block_major,16,0.7291475,1.650330791568493,256,0
mtd,4,8192,slm_gqa,0.5,head_major,128,0.328114,block_major,16,0.5860715,1.7861825463101237,256,0
mtd,4,8192,slm_gqa,0.75,head_major,128,0.15794999999999998,block_major,16,0.204032,1.2917505539727763,256,0
mtd,4,8192,llama_gqa,0.0,head_major,32,7.1155735,block_major,32,9.7864495,1.3753563925662493,64,0
mtd,4,8192,llama_gqa,0.25,head_major,16,4.447353,block_major,32,6.827747499999999,1.5352384890518023,64,0
mtd,4,8192,llama_gqa,0.5,head_major,64,2.6799265,block_major,32,4.058465,1.514394144764791,64,1
mtd,4,8192,llama_gqa,0.75,head_major,256,0.9591970000000001,block_major,16,1.4842215,1.5473583632976333,64,0
mtd,4,8192,mha,0.0,head_major,128,0.721527,block_major,16,1.238979,1.7171623515128331,128,1
mtd,4,8192,mha,0.25,head_major,256,0.5144235,block_major,16,0.8769665,1.7047559063689741,128,0
mtd,4,8192,mha,0.5,head_major,32,0.371854,block_major,16,0.667826,1.7959360394133181,128,0
mtd,4,8192,mha,0.75,head_major,256,0.1741705,block_major,16,0.30392050000000004,1.7449596803132563,128,0
mtd,16,128,slm_gqa,0.0,head_major,128,0.279557,block_major,16,0.29839150000000003,1.0673726646086488,256,0
mtd,16,128,slm_gqa,0.25,head_major,256,0.230795,block_major,16,0.2470505,1.0704326350224225,256,1
mtd,16,128,slm_gqa,0.5,head_major,256,0.194863,block_major,32,0.203081,1.0421732191334425,256,1
mtd,16,128,slm_gqa,0.75,head_major,64,0.12313,block_major,128,0.12735649999999998,1.0343255096239745,256,0
mtd,16,128,llama_gqa,0.0,head_major,64,0.7746265,block_major,64,0.8057380000000001,1.0401632270520051,64,1
mtd,16,128,llama_gqa,0.25,head_major,256,0.6088035,head_major,16,0.634876,1.042825805042185,64,0
mtd,16,128,llama_gqa,0.5,block_major,64,0.45560500000000004,head_major,64,0.46612750000000003,1.023095664007199,64,1
mtd,16,128,llama_gqa,0.75,head_major,64,0.288307,block_major,16,0.2963685,1.0279615132480306,64,1
mtd,16,128,mha,0.0,block_major,128,0.283363,block_major,32,0.295317,1.0421861710950266,128,1
mtd,16,128,mha,0.25,head_major,256,0.2354275,block_major,64,0.248658,1.0561977678903272,128,0
mtd,16,128,mha,0.5,head_major,128,0.1721625,block_major,16,0.17834699999999998,1.0359224569810497,128,1
mtd,16,128,mha,0.75,block_major,128,0.151144,block_major,256,0.154309,1.020940295347483,128,1
mtd,16,512,slm_gqa,0.0,head_major,256,0.309479,block_major,16,0.3647565,1.178614704067158,256,1
mtd,16,512,slm_gqa,0.25,block_major,256,0.2572265,block_major,16,0.3048115,1.18499260379471,256,1
mtd,16,512,slm_gqa,0.5,head_major,64,0.21045750000000002,block_major,16,0.23419,1.112766235463217,256,0
mtd,16,512,slm_gqa,0.75,head_major,128,0.1354595,block_major,16,0.14753850000000002,1.0891705638954816,256,0
mtd,16,512,llama_gqa,0.0,head_major,256,1.1864355,block_major,16,1.6020075,1.3502693572469806,64,0
mtd,16,512,llama_gqa,0.25,block_major,256,0.855822,block_major,16,1.0552885,1.2330700776563353,64,0
mtd,16,512,llama_gqa,0.5,head_major,128,0.6033445,block_major,16,0.720254,1.1937690656001672,64,0
mtd,16,512,llama_gqa,0.75,head_major,128,0.3639605,block_major,16,0.39812400000000003,1.0938659552341532,64,0
mtd,16,512,mha,0.0,head_major,128,0.3271475,block_major,16,0.3841775,1.1743250368717475,128,1
mtd,16,512,mha,0.25,head_major,256,0.27087300000000003,block_major,16,0.310681,1.1469618603552216,128,0
mtd,16,512,mha,0.5,head_major,64,0.1942525,block_major,16,0.2312705,1.1905664019768085,128,0
mtd,16,512,mha,0.75,head_major,16,0.1643555,block_major,16,0.17940850000000003,1.0915880515102936,128,0
mtd,16,2048,slm_gqa,0.0,head_major,128,0.6140365,block_major,16,0.9843155,1.60302441304385,256,0
mtd,16,2048,slm_gqa,0.25,head_major,256,0.475847,block_major,16,0.674316,1.417085743947109,256,1
mtd,16,2048,slm_gqa,0.5,head_major,64,0.353685,block_major,16,0.5027545,1.4214753240878182,256,0
mtd,16,2048,slm_gqa,0.75,head_major,256,0.21427849999999998,block_major,16,0.2908695,1.3574367003689125,256,1
mtd,16,2048,llama_gqa,0.0,head_major,16,7.585905,block_major,32,10.333733500000001,1.3622281718529299,64,0
mtd,16,2048,llama_gqa,0.25,head_major,16,4.913315,block_major,32,7.245938000000001,1.4747554349761822,64,0
mtd,16,2048,llama_gqa,0.5,head_major,64,2.8507715,block_major,32,4.331036,1.5192504906128044,64,1
mtd,16,2048,llama_gqa,0.75,head_major,64,0.97001,block_major,16,1.4258644999999999,1.4699482479562065,64,1
mtd,16,2048,mha,0.0,head_major,16,0.830411,block_major,16,1.2340455000000001,1.4860659360244506,128,0
mtd,16,2048,mha,0.25,head_major,256,0.569406,block_major,16,0.871012,1.5296853211943675,128,0
mtd,16,2048,mha,0.5,head_major,256,0.36934900000000004,block_major,16,0.5514775000000001,1.4931067905964277,128,0
mtd,16,2048,mha,0.75,head_major,256,0.2504065,block_major,16,0.34371850000000004,1.3726420839714626,128,0
mtd,16,8192,slm_gqa,0.0,head_major,256,3.43098,block_major,16,5.263882499999999,1.5342212720563801,256,1
mtd,16,8192,slm_gqa,0.25,head_major,128,2.3345425,block_major,16,3.5096835,1.5033710030980374,256,0
mtd,16,8192,slm_gqa,0.5,head_major,16,1.3223655,block_major,16,2.396569,1.8123347894360522,256,0
mtd,16,8192,slm_gqa,0.75,head_major,64,0.573347,block_major,16,0.935624,1.6318634265113448,256,0
mtd,16,8192,llama_gqa,0.0,head_major,16,25.121012999999998,block_major,32,32.894921999999994,1.3094584203272375,64,0
mtd,16,8192,llama_gqa,0.25,head_major,64,18.835600499999998,block_major,32,24.808580499999998,1.3171112065155555,64,1
mtd,16,8192,llama_gqa,0.5,head_major,64,12.5794105,block_major,32,16.5297655,1.3140333960800468,64,1
mtd,16,8192,llama_gqa,0.75,head_major,128,6.2181005,block_major,32,8.724719499999999,1.4031165144403823,64,0
mtd,16,8192,mha,0.0,head_major,16,4.1560235,block_major,16,5.620430000000001,1.352357608180031,128,0
mtd,16,8192,mha,0.25,head_major,16,2.9093885000000004,block_major,16,4.1735625,1.434515362936232,128,0
mtd,16,8192,mha,0.5,head_major,256,1.787732,block_major,16,2.6747385,1.4961630154855425,128,0
mtd,16,8192,mha,0.75,head_major,128,0.7231835,block_major,16,1.278331,1.7676440350201577,128,1
