case_label,query_len,kv_len,head_dim,metric,ikj_value,kij_value,kij_over_ikj,ikj_per_iteration,kij_per_iteration,kij_over_ikj_per_iteration
decode_control,1,8192,64,Ave L3 Miss Latency (ns),145.42,149.47,1.0278503644615598,,,
decode_control,1,8192,64,CPI (Sys + User),0.46,0.36,0.7826086956521738,,,
decode_control,1,8192,64,CPI (Sys),1.67,1.82,1.0898203592814373,,,
decode_control,1,8192,64,CPI (User),0.39,0.3,0.7692307692307692,,,
decode_control,1,8192,64,Cycles Not in Halt,15735689892.0,15616697676.0,0.9924380680595075,129319.2026035289,133382.566713927,1.0314211967642244
decode_control,1,8192,64,Eff Freq (MHz),2863.37,2805.33,0.9797301780768815,,,
decode_control,1,8192,64,Giga Instructions Per Sec,8.02,10.45,1.3029925187032418,6.591004347433042e-05,8.925368545122221e-05,1.3541742767319416
decode_control,1,8192,64,IPC (Sys + User),2.17,2.78,1.2811059907834101,,,
decode_control,1,8192,64,IPC (Sys),0.6,0.55,0.9166666666666667,,,
decode_control,1,8192,64,IPC (User),2.56,3.34,1.3046875,,,
decode_control,1,8192,64,L2 Access (pti),175.05,129.74,0.7411596686660954,0.00143859764466104,0.0011081122632001503,0.7702725409794772
decode_control,1,8192,64,L2 Access from DC Miss (pti),87.87,62.82,0.7149197678388528,0.0007221341047493036,0.0005365470354110794,0.7430019325805798
decode_control,1,8192,64,L2 Access from IC Miss (pti),1.84,1.47,0.7989130434782609,1.5121506233512217e-05,1.2555303120889633e-05,0.83029447774618
decode_control,1,8192,64,L2 Access from L2 HWPF (pti),85.13,65.58,0.7703512275343593,0.0006996162095972254,0.0005601202575972395,0.800610749027249
decode_control,1,8192,64,L2 Hit (pti),93.79,68.64,0.7318477449621494,,,
decode_control,1,8192,64,L2 Hit from DC Miss (pti),86.56,60.91,0.703673752310536,0.0007113682497678356,0.0005202336823764541,0.7313141717334717
decode_control,1,8192,64,L2 Hit from IC Miss (pti),1.15,0.98,0.8521739130434783,9.450941395945135e-06,8.370202080593088e-06,0.8856474429292588
decode_control,1,8192,64,L2 Hit from L2 HWPF (pti),6.08,6.75,1.1101973684210527,,,
decode_control,1,8192,64,L2 Miss (pti),80.67,60.54,0.7504648568240981,0.0006629629934007774,0.0005170735040399036,0.7799432384415459
decode_control,1,8192,64,L2 Miss from DC Miss (pti),0.94,1.1,1.170212765957447,7.725117314946458e-06,9.395124784339182e-06,1.2161789137055063
decode_control,1,8192,64,L2 Miss from IC Miss (pti),0.67,0.62,0.9253731343283581,5.506200639376732e-06,5.295433969354811e-06,0.9617219415299443
decode_control,1,8192,64,L2 Miss from L2 HWPF (pti),79.05,58.82,0.7440860215053764,0.000649649493347359,0.0005023829452862097,0.7733138414341718
decode_control,1,8192,64,L3 Access,3290145945.0,3206473680.0,0.9745688287392977,27039.11000895785,27386.56394663569,1.0128500508176022
decode_control,1,8192,64,L3 Access (pti),43.36,32.2,0.7426199261992621,0.0003563415816766792,0.0002750209255052015,0.7717901576660153
decode_control,1,8192,64,L3 Hit %,99.39,99.41,1.0002012274876748,,,
decode_control,1,8192,64,L3 Miss,20078487.0,18953730.0,0.9439819842999126,165.0092208315185,161.88423498061186,0.9810617501545724
decode_control,1,8192,64,L3 Miss %,0.61,0.59,0.9672131147540983,,,
decode_control,1,8192,64,L3 Miss (pti),0.26,0.19,0.7307692307692307,2.136734576474552e-06,1.622794280931313e-06,0.7594739649923197
decode_control,1,8192,64,L3 Miss Latency From Extension Memory (CXL) (%),0.0,0.0,,,,
decode_control,1,8192,64,L3 Miss Latency From Local Memory or I/O (%),34.5,35.54,1.0301449275362318,,,
decode_control,1,8192,64,L3 Miss Latency From Remote Memory or I/O (%),27.83,27.47,0.9870643190801294,,,
decode_control,1,8192,64,L3 Miss Latency From another CCX in remote node (%),11.81,16.47,1.3945808636748516,,,
decode_control,1,8192,64,L3 Miss Latency From another CCX in same node (%),25.07,20.66,0.8240925408855205,,,
decode_control,1,8192,64,Local DRAM Read Data Bytes(GB/s),0.36,0.49,1.3611111111111112,,,
decode_control,1,8192,64,Local DRAM Write Data Bytes(GB/s),0.01,0.01,1.0,,,
decode_control,1,8192,64,Locked Instructions (pti),0.0,0.0,,0.0,0.0,
decode_control,1,8192,64,Remote DRAM Read Data Bytes (GB/s),0.06,0.07,1.1666666666666667,,,
decode_control,1,8192,64,Remote DRAM Write Data Bytes (GB/s),0.0,0.0,,,,
decode_control,1,8192,64,Retired Branches (pti),192.76,173.85,0.9018987341772152,,,
decode_control,1,8192,64,Retired Branches Mispredicted (pti),1.29,1.07,0.8294573643410853,,,
decode_control,1,8192,64,Retired Instructions,33123331260.0,43294357386.0,1.30706531435993,272214.4891971631,369778.08190840605,1.3584070524643468
decode_control,1,8192,64,Retired Macro Ops,36250739544.0,46334362248.0,1.2781632273118406,,,
decode_control,1,8192,64,System instructions (%),5.48,3.96,0.7226277372262773,,,
decode_control,1,8192,64,System time (%),19.88,20.1,1.011066398390342,,,
decode_control,1,8192,64,Total Mem Bw (GB/s),0.43,0.57,1.3255813953488371,,,
decode_control,1,8192,64,Total Mem RdBw (GB/s),0.42,0.56,1.3333333333333335,,,
decode_control,1,8192,64,Total Mem WrBw (GB/s),0.01,0.02,2.0,,,
decode_control,1,8192,64,User instructions (%),94.52,96.04,1.016081252644943,,,
decode_control,1,8192,64,User time (%),80.26,80.05,0.9973835036132568,,,
decode_control,1,8192,64,Utilization (%),0.67,0.7,1.044776119402985,,,
kij_before_crossover,512,2048,64,Ave L3 Miss Latency (ns),137.89,140.65,1.0200159547465373,,,
kij_before_crossover,512,2048,64,CPI (Sys + User),0.82,0.53,0.6463414634146342,,,
kij_before_crossover,512,2048,64,CPI (Sys),1.7,1.66,0.9764705882352941,,,
kij_before_crossover,512,2048,64,CPI (User),0.73,0.46,0.6301369863013699,,,
kij_before_crossover,512,2048,64,Cycles Not in Halt,15642755706.0,15495700680.0,0.9905991611220013,30672070.011764705,19369625.85,0.6315069652152759
kij_before_crossover,512,2048,64,Eff Freq (MHz),2909.17,2875.06,0.9882750062732669,,,
kij_before_crossover,512,2048,64,Giga Instructions Per Sec,4.43,6.9,1.5575620767494358,0.00868627450980392,0.008625,0.9929458239277654
kij_before_crossover,512,2048,64,IPC (Sys + User),1.22,1.88,1.540983606557377,,,
kij_before_crossover,512,2048,64,IPC (Sys),0.59,0.6,1.0169491525423728,,,
kij_before_crossover,512,2048,64,IPC (User),1.37,2.19,1.5985401459854014,,,
kij_before_crossover,512,2048,64,L2 Access (pti),101.82,178.63,1.754370457670399,0.1996470588235294,0.2232875,1.1184111667648793
kij_before_crossover,512,2048,64,L2 Access from DC Miss (pti),93.03,104.24,1.1204987638396215,0.18241176470588236,0.1303,0.7143179619477588
kij_before_crossover,512,2048,64,L2 Access from IC Miss (pti),3.2,1.93,0.6031249999999999,0.006274509803921569,0.0024124999999999997,0.3844921874999999
kij_before_crossover,512,2048,64,L2 Access from L2 HWPF (pti),5.91,73.79,12.485617597292725,0.011588235294117647,0.09223750000000001,7.959581218274113
kij_before_crossover,512,2048,64,L2 Hit (pti),99.19,177.26,1.7870753100110899,,,
kij_before_crossover,512,2048,64,L2 Hit from DC Miss (pti),93.03,103.78,1.1155541223261314,0.18241176470588236,0.129725,0.7111657529829087
kij_before_crossover,512,2048,64,L2 Hit from IC Miss (pti),1.92,1.26,0.65625,0.003764705882352941,0.001575,0.41835937500000003
kij_before_crossover,512,2048,64,L2 Hit from L2 HWPF (pti),4.23,72.23,17.07565011820331,,,
kij_before_crossover,512,2048,64,L2 Miss (pti),3.44,2.7,0.7848837209302326,0.006745098039215686,0.0033750000000000004,0.5003633720930233
kij_before_crossover,512,2048,64,L2 Miss from DC Miss (pti),0.66,0.44,0.6666666666666666,0.0012941176470588236,0.00055,0.425
kij_before_crossover,512,2048,64,L2 Miss from IC Miss (pti),1.1,0.7,0.6363636363636362,0.0021568627450980395,0.0008749999999999999,0.4056818181818181
kij_before_crossover,512,2048,64,L2 Miss from L2 HWPF (pti),1.68,1.56,0.9285714285714286,0.0032941176470588232,0.0019500000000000001,0.5919642857142858
kij_before_crossover,512,2048,64,L3 Access,76827807.0,97537170.0,1.2695555659944842,150642.7588235294,121921.4625,0.8093416733214837
kij_before_crossover,512,2048,64,L3 Access (pti),1.82,1.49,0.8186813186813187,0.0035686274509803924,0.0018625,0.5219093406593406
kij_before_crossover,512,2048,64,L3 Hit %,69.89,78.65,1.1253398197166977,,,
kij_before_crossover,512,2048,64,L3 Miss,23135076.0,20829024.0,0.9003222639078428,45362.89411764706,26036.28,0.5739554432412497
kij_before_crossover,512,2048,64,L3 Miss %,30.11,21.35,0.7090667552308204,,,
kij_before_crossover,512,2048,64,L3 Miss (pti),0.55,0.32,0.5818181818181818,0.0010784313725490198,0.0004,0.37090909090909085
kij_before_crossover,512,2048,64,L3 Miss Latency From Extension Memory (CXL) (%),0.0,0.0,,,,
kij_before_crossover,512,2048,64,L3 Miss Latency From Local Memory or I/O (%),38.96,40.67,1.0438911704312115,,,
kij_before_crossover,512,2048,64,L3 Miss Latency From Remote Memory or I/O (%),26.91,25.47,0.9464882943143812,,,
kij_before_crossover,512,2048,64,L3 Miss Latency From another CCX in remote node (%),13.5,12.27,0.9088888888888889,,,
kij_before_crossover,512,2048,64,L3 Miss Latency From another CCX in same node (%),20.18,20.58,1.0198216055500495,,,
kij_before_crossover,512,2048,64,Local DRAM Read Data Bytes(GB/s),0.22,0.24,1.0909090909090908,,,
kij_before_crossover,512,2048,64,Local DRAM Write Data Bytes(GB/s),0.01,0.01,1.0,,,
kij_before_crossover,512,2048,64,Locked Instructions (pti),0.0,0.0,,0.0,0.0,
kij_before_crossover,512,2048,64,Remote DRAM Read Data Bytes (GB/s),0.06,0.05,0.8333333333333334,,,
kij_before_crossover,512,2048,64,Remote DRAM Write Data Bytes (GB/s),0.0,0.0,,,,
kij_before_crossover,512,2048,64,Retired Branches (pti),193.8,189.07,0.9755933952528378,,,
kij_before_crossover,512,2048,64,Retired Branches Mispredicted (pti),2.14,1.41,0.6588785046728971,,,
kij_before_crossover,512,2048,64,Retired Instructions,18445474638.0,28536905094.0,1.5470951902322092,36167597.32941177,35671131.3675,0.9862731837730333
kij_before_crossover,512,2048,64,Retired Macro Ops,20303836746.0,31211273136.0,1.5372106034170534,,,
kij_before_crossover,512,2048,64,System instructions (%),8.93,6.21,0.6954087346024637,,,
kij_before_crossover,512,2048,64,System time (%),18.57,19.42,1.0457727517501347,,,
kij_before_crossover,512,2048,64,Total Mem Bw (GB/s),0.3,0.31,1.0333333333333334,,,
kij_before_crossover,512,2048,64,Total Mem RdBw (GB/s),0.28,0.29,1.0357142857142856,,,
kij_before_crossover,512,2048,64,Total Mem WrBw (GB/s),0.01,0.01,1.0,,,
kij_before_crossover,512,2048,64,User instructions (%),91.07,93.79,1.029867135170748,,,
kij_before_crossover,512,2048,64,User time (%),81.57,80.71,0.9894569081770259,,,
kij_before_crossover,512,2048,64,Utilization (%),0.65,0.66,1.0153846153846153,,,
ikj_after_crossover,512,8192,64,Ave L3 Miss Latency (ns),126.28,123.67,0.9793316439657903,,,
ikj_after_crossover,512,8192,64,CPI (Sys + User),0.83,0.62,0.746987951807229,,,
ikj_after_crossover,512,8192,64,CPI (Sys),1.61,1.63,1.012422360248447,,,
ikj_after_crossover,512,8192,64,CPI (User),0.73,0.53,0.726027397260274,,,
ikj_after_crossover,512,8192,64,Cycles Not in Halt,15695172234.0,15842389314.0,1.0093797683647643,122618533.078125,91574504.70520231,0.7468243372872244
ikj_after_crossover,512,8192,64,Eff Freq (MHz),2823.7,2837.74,1.0049721995962744,,,
ikj_after_crossover,512,8192,64,Giga Instructions Per Sec,4.54,6.04,1.330396475770925,0.03546875,0.034913294797687865,0.9843395890097019
ikj_after_crossover,512,8192,64,IPC (Sys + User),1.21,1.62,1.3388429752066118,,,
ikj_after_crossover,512,8192,64,IPC (Sys),0.62,0.61,0.9838709677419355,,,
ikj_after_crossover,512,8192,64,IPC (User),1.37,1.88,1.3722627737226276,,,
ikj_after_crossover,512,8192,64,L2 Access (pti),177.01,208.79,1.1795378792158635,1.382890625,1.206878612716763,0.8727216678591361
ikj_after_crossover,512,8192,64,L2 Access from DC Miss (pti),93.25,117.79,1.2631635388739948,0.728515625,0.6808670520231215,0.9345949882998343
ikj_after_crossover,512,8192,64,L2 Access from IC Miss (pti),2.88,2.37,0.8229166666666667,0.0225,0.01369942196531792,0.6088631984585742
ikj_after_crossover,512,8192,64,L2 Access from L2 HWPF (pti),80.9,88.26,1.0909765142150802,0.63203125,0.5101734104046243,0.807196496066649
ikj_after_crossover,512,8192,64,L2 Hit (pti),100.35,206.28,2.0556053811659196,,,
ikj_after_crossover,512,8192,64,L2 Hit from DC Miss (pti),93.01,117.45,1.2627674443608214,0.726640625,0.6789017341040463,0.9343019241513593
ikj_after_crossover,512,8192,64,L2 Hit from IC Miss (pti),1.79,2.1,1.1731843575418994,0.013984375,0.012138728323699423,0.8680207963315788
ikj_after_crossover,512,8192,64,L2 Hit from L2 HWPF (pti),5.54,86.73,15.655234657039712,,,
ikj_after_crossover,512,8192,64,L2 Miss (pti),77.12,2.73,0.035399377593360995,0.6025,0.015780346820809248,0.026191447005492526
ikj_after_crossover,512,8192,64,L2 Miss from DC Miss (pti),0.77,0.44,0.5714285714285714,0.006015625,0.0025433526011560694,0.4227910817506193
ikj_after_crossover,512,8192,64,L2 Miss from IC Miss (pti),0.99,0.76,0.7676767676767677,0.007734375,0.004393063583815029,0.5679920593215392
ikj_after_crossover,512,8192,64,L2 Miss from L2 HWPF (pti),75.36,1.53,0.020302547770700636,0.58875,0.008843930635838151,0.015021538234969259
ikj_after_crossover,512,8192,64,L3 Access,1739499786.0,83941302.0,0.0482560001878609,13589842.078125,485209.838150289,0.03570386141067165
ikj_after_crossover,512,8192,64,L3 Access (pti),41.24,1.47,0.03564500484966052,0.3221875,0.008497109826589595,0.026373182778939575
ikj_after_crossover,512,8192,64,L3 Hit %,98.13,61.38,0.6254967899724855,,,
ikj_after_crossover,512,8192,64,L3 Miss,32458623.0,32420469.0,0.9988245342385597,253582.9921875,187401.5549132948,0.7390146842921135
ikj_after_crossover,512,8192,64,L3 Miss %,1.87,38.62,20.652406417112296,,,
ikj_after_crossover,512,8192,64,L3 Miss (pti),0.77,0.57,0.7402597402597402,0.006015625,0.0032947976878612713,0.547706628631484
ikj_after_crossover,512,8192,64,L3 Miss Latency From Extension Memory (CXL) (%),0.0,0.0,,,,
ikj_after_crossover,512,8192,64,L3 Miss Latency From Local Memory or I/O (%),60.72,58.8,0.9683794466403162,,,
ikj_after_crossover,512,8192,64,L3 Miss Latency From Remote Memory or I/O (%),17.21,19.28,1.1202789076118536,,,
ikj_after_crossover,512,8192,64,L3 Miss Latency From another CCX in remote node (%),10.34,6.73,0.6508704061895552,,,
ikj_after_crossover,512,8192,64,L3 Miss Latency From another CCX in same node (%),11.37,14.7,1.2928759894459103,,,
ikj_after_crossover,512,8192,64,Local DRAM Read Data Bytes(GB/s),0.38,0.36,0.9473684210526315,,,
ikj_after_crossover,512,8192,64,Local DRAM Write Data Bytes(GB/s),0.01,0.01,1.0,,,
ikj_after_crossover,512,8192,64,Locked Instructions (pti),0.0,0.0,,0.0,0.0,
ikj_after_crossover,512,8192,64,Remote DRAM Read Data Bytes (GB/s),0.06,0.06,1.0,,,
ikj_after_crossover,512,8192,64,Remote DRAM Write Data Bytes (GB/s),0.0,0.0,,,,
ikj_after_crossover,512,8192,64,Retired Branches (pti),193.51,189.66,0.9801043873701618,,,
ikj_after_crossover,512,8192,64,Retired Branches Mispredicted (pti),2.05,1.8,0.878048780487805,,,
ikj_after_crossover,512,8192,64,Retired Instructions,19087836918.0,25326616254.0,1.3268458004330903,149123725.921875,146396625.74566475,0.981712499742402
ikj_after_crossover,512,8192,64,Retired Macro Ops,21008926524.0,27758366700.0,1.321265352053549,,,
ikj_after_crossover,512,8192,64,System instructions (%),10.81,7.82,0.723404255319149,,,
ikj_after_crossover,512,8192,64,System time (%),21.07,20.73,0.9838633127669673,,,
ikj_after_crossover,512,8192,64,Total Mem Bw (GB/s),0.45,0.43,0.9555555555555555,,,
ikj_after_crossover,512,8192,64,Total Mem RdBw (GB/s),0.44,0.41,0.9318181818181818,,,
ikj_after_crossover,512,8192,64,Total Mem WrBw (GB/s),0.01,0.01,1.0,,,
ikj_after_crossover,512,8192,64,User instructions (%),89.19,92.18,1.033523937661173,,,
ikj_after_crossover,512,8192,64,User time (%),79.06,79.42,1.0045535036681001,,,
ikj_after_crossover,512,8192,64,Utilization (%),0.69,0.68,0.9855072463768118,,,
ikj_long_context,512,16384,64,Ave L3 Miss Latency (ns),118.23,116.26,0.983337562378415,,,
ikj_long_context,512,16384,64,CPI (Sys + User),0.82,0.66,0.8048780487804879,,,
ikj_long_context,512,16384,64,CPI (Sys),1.68,1.65,0.9821428571428571,,,
ikj_long_context,512,16384,64,CPI (User),0.73,0.57,0.7808219178082191,,,
ikj_long_context,512,16384,64,Cycles Not in Halt,16804808046.0,15990765138.0,0.9515589285059544,262575125.71875,199884564.225,0.7612471428047635
ikj_long_context,512,16384,64,Eff Freq (MHz),2873.32,2848.93,0.9915115615385686,,,
ikj_long_context,512,16384,64,Giga Instructions Per Sec,4.46,5.61,1.2578475336322872,0.0696875,0.070125,1.0062780269058298
ikj_long_context,512,16384,64,IPC (Sys + User),1.21,1.51,1.2479338842975207,,,
ikj_long_context,512,16384,64,IPC (Sys),0.59,0.61,1.033898305084746,,,
ikj_long_context,512,16384,64,IPC (User),1.36,1.74,1.2794117647058822,,,
ikj_long_context,512,16384,64,L2 Access (pti),176.64,159.71,0.9041553442028987,2.76,1.996375,0.7233242753623189
ikj_long_context,512,16384,64,L2 Access from DC Miss (pti),91.85,123.19,1.3412084921066958,1.43515625,1.5398749999999999,1.0729667936853566
ikj_long_context,512,16384,64,L2 Access from IC Miss (pti),3.64,2.34,0.6428571428571428,0.056875,0.029249999999999998,0.5142857142857142
ikj_long_context,512,16384,64,L2 Access from L2 HWPF (pti),80.52,32.53,0.4039990064580229,1.258125,0.406625,0.3231992051664183
ikj_long_context,512,16384,64,L2 Hit (pti),95.56,158.32,1.6567601506906655,,,
ikj_long_context,512,16384,64,L2 Hit from DC Miss (pti),91.64,125.15,1.3656700130947186,1.431875,1.564375,1.0925360104757749
ikj_long_context,512,16384,64,L2 Hit from IC Miss (pti),1.87,1.45,0.7754010695187165,0.02921875,0.018125,0.6203208556149732
ikj_long_context,512,16384,64,L2 Hit from L2 HWPF (pti),2.04,31.71,15.544117647058824,,,
ikj_long_context,512,16384,64,L2 Miss (pti),80.01,2.13,0.026621672290963627,1.25015625,0.026625,0.0212973378327709
ikj_long_context,512,16384,64,L2 Miss from DC Miss (pti),0.52,0.58,1.1153846153846152,0.008125,0.0072499999999999995,0.8923076923076922
ikj_long_context,512,16384,64,L2 Miss from IC Miss (pti),1.0,0.74,0.74,0.015625,0.00925,0.592
ikj_long_context,512,16384,64,L2 Miss from L2 HWPF (pti),78.48,0.81,0.010321100917431193,1.22625,0.010125,0.008256880733944955
ikj_long_context,512,16384,64,L3 Access,1823436489.0,84722454.0,0.04646306822918909,28491195.140625,1059030.675,0.037170454583351276
ikj_long_context,512,16384,64,L3 Access (pti),43.21,1.59,0.036797037722749365,0.67515625,0.019875,0.02943763017819949
ikj_long_context,512,16384,64,L3 Hit %,97.34,41.71,0.4284980480788987,,,
ikj_long_context,512,16384,64,L3 Miss,48578697.0,49380807.0,1.016511558554154,759042.140625,617260.0875,0.8132092468433232
ikj_long_context,512,16384,64,L3 Miss %,2.66,58.29,21.913533834586463,,,
ikj_long_context,512,16384,64,L3 Miss (pti),1.15,0.92,0.8,0.01796875,0.0115,0.64
ikj_long_context,512,16384,64,L3 Miss Latency From Extension Memory (CXL) (%),0.0,0.0,,,,
ikj_long_context,512,16384,64,L3 Miss Latency From Local Memory or I/O (%),73.06,71.22,0.9748152203668218,,,
ikj_long_context,512,16384,64,L3 Miss Latency From Remote Memory or I/O (%),11.01,12.84,1.1662125340599454,,,
ikj_long_context,512,16384,64,L3 Miss Latency From another CCX in remote node (%),8.05,8.1,1.0062111801242235,,,
ikj_long_context,512,16384,64,L3 Miss Latency From another CCX in same node (%),7.05,7.06,1.001418439716312,,,
ikj_long_context,512,16384,64,Local DRAM Read Data Bytes(GB/s),0.55,0.59,1.0727272727272725,,,
ikj_long_context,512,16384,64,Local DRAM Write Data Bytes(GB/s),0.01,0.01,1.0,,,
ikj_long_context,512,16384,64,Locked Instructions (pti),0.0,0.0,,0.0,0.0,
ikj_long_context,512,16384,64,Remote DRAM Read Data Bytes (GB/s),0.06,0.06,1.0,,,
ikj_long_context,512,16384,64,Remote DRAM Write Data Bytes (GB/s),0.0,0.0,,,,
ikj_long_context,512,16384,64,Retired Branches (pti),193.59,189.65,0.9796477090758821,,,
ikj_long_context,512,16384,64,Retired Branches Mispredicted (pti),2.09,1.86,0.8899521531100479,,,
ikj_long_context,512,16384,64,Retired Instructions,21418113702.0,24663271866.0,1.1515146576001682,334658026.59375,308290898.325,0.9212117260801345
ikj_long_context,512,16384,64,Retired Macro Ops,23542694574.0,27037398990.0,1.1484411397775796,,,
ikj_long_context,512,16384,64,System instructions (%),9.59,8.19,0.8540145985401459,,,
ikj_long_context,512,16384,64,System time (%),19.61,20.43,1.0418154003059663,,,
ikj_long_context,512,16384,64,Total Mem Bw (GB/s),0.62,0.67,1.0806451612903227,,,
ikj_long_context,512,16384,64,Total Mem RdBw (GB/s),0.61,0.65,1.0655737704918034,,,
ikj_long_context,512,16384,64,Total Mem WrBw (GB/s),0.01,0.01,1.0,,,
ikj_long_context,512,16384,64,User instructions (%),90.41,91.81,1.015485012719832,,,
ikj_long_context,512,16384,64,User time (%),80.54,79.7,0.9895703998013409,,,
ikj_long_context,512,16384,64,Utilization (%),0.67,0.68,1.0149253731343284,,,
