case_family,case_name,shape_family,shape,num_q_heads,num_kv_heads,head_dim,batch_size,seq_len,block_size,target_kv_mib,batch_semantics,kv_bytes_per_sequence,kv_bytes_per_call,allocated_kv_bytes_per_sequence,allocated_kv_bytes_per_call,blocks_per_sequence,blocks_per_call,alignment_bytes,order_policy,process_launches,independent_launches,gqa_ratio,paired_quadruples,head_major_head_first_median_ms,head_major_head_first_p95_ms,block_major_head_first_median_ms,block_major_head_first_p95_ms,head_major_block_first_median_ms,head_major_block_first_p95_ms,block_major_block_first_median_ms,block_major_block_first_p95_ms,layout_only_head_first_speedup,layout_only_head_first_ci_low,layout_only_head_first_ci_high,layout_only_head_first_win_rate,layout_only_head_first_decision,layout_only_head_first_launch_speedups,layout_only_head_first_launch_decisions,layout_only_head_first_launch_candidate_wins,layout_only_head_first_launch_baseline_wins,layout_only_head_first_repeatable_candidate,layout_only_head_first_repeatable_baseline,traversal_only_head_major_speedup,traversal_only_head_major_ci_low,traversal_only_head_major_ci_high,traversal_only_head_major_win_rate,traversal_only_head_major_decision,traversal_only_head_major_launch_speedups,traversal_only_head_major_launch_decisions,traversal_only_head_major_launch_candidate_wins,traversal_only_head_major_launch_baseline_wins,traversal_only_head_major_repeatable_candidate,traversal_only_head_major_repeatable_baseline,co_designed_vs_current_speedup,co_designed_vs_current_ci_low,co_designed_vs_current_ci_high,co_designed_vs_current_win_rate,co_designed_vs_current_decision,co_designed_vs_current_launch_speedups,co_designed_vs_current_launch_decisions,co_designed_vs_current_launch_candidate_wins,co_designed_vs_current_launch_baseline_wins,co_designed_vs_current_repeatable_candidate,co_designed_vs_current_repeatable_baseline,traversal_under_block_major_speedup,traversal_under_block_major_ci_low,traversal_under_block_major_ci_high,traversal_under_block_major_win_rate,traversal_under_block_major_decision,traversal_under_block_major_launch_speedups,traversal_under_block_major_launch_decisions,traversal_under_block_major_launch_candidate_wins,traversal_under_block_major_launch_baseline_wins,traversal_under_block_major_repeatable_candidate,traversal_under_block_major_repeatable_baseline,layout_under_block_first_speedup,layout_under_block_first_ci_low,layout_under_block_first_ci_high,layout_under_block_first_win_rate,layout_under_block_first_decision,layout_under_block_first_launch_speedups,layout_under_block_first_launch_decisions,layout_under_block_first_launch_candidate_wins,layout_under_block_first_launch_baseline_wins,layout_under_block_first_repeatable_candidate,layout_under_block_first_repeatable_baseline,recommendation
kv_byte_target,target40mib_b1_h16_s10240,kv_byte_target,mha16,16,16,64,1,10240,64,40,sequential_outer_loop,41943040,41943040,41943040,41943040,160,160,64,latin_square_cycle4,0;1;2,3,1,120,1.0593715000000001,1.1530370499999998,1.7093254999999998,1.93662405,1.5945580000000001,1.6807502,0.9013685,1.1650821000000002,0.6187282740280415,0.6062499937706143,0.6291291493757722,0.0,head_major_head_first,0.635839;0.611315;0.611236,head_major_head_first;head_major_head_first;head_major_head_first,0,3,False,True,0.66206492501013,0.6499947021516295,0.6728517359031655,0.0,head_major_head_first,0.659833;0.670697;0.655220,head_major_head_first;head_major_head_first;head_major_head_first,0,3,False,True,1.1416121760911075,1.0857182063231443,1.1763745649239132,0.775,tie,1.147408;1.116700;1.150348,tie;tie;block_major_block_first,1,0,False,False,1.8742559175440694,1.8535156441881866,1.9061157992417899,1.0,block_major_block_first,1.869402;1.864473;1.907090,block_major_block_first;block_major_block_first;block_major_block_first,3,0,True,False,1.746295071481644,1.7100958397302806,1.7823686063540132,1.0,block_major_block_first,1.744563;1.744576;1.763784,block_major_block_first;block_major_block_first;block_major_block_first,3,0,True,False,head_major_head_first
kv_byte_target,target40mib_b1_h2_s81920,kv_byte_target,mha2,2,2,64,1,81920,64,40,sequential_outer_loop,41943040,41943040,41943040,41943040,1280,1280,64,latin_square_cycle4,0;1;2,3,1,120,1.0395865,1.1085911499999999,2.1959039999999996,2.3896201500000003,1.022621,1.09169275,0.8987594999999999,0.9480531999999999,0.4747140236782209,0.46579477090094534,0.4868774325305321,0.0,head_major_head_first,0.471115;0.482187;0.473814,head_major_head_first;head_major_head_first;head_major_head_first,0,3,False,True,1.0194668757972076,1.000933646118915,1.0293684760837327,0.6,tie,1.011592;1.003627;1.033425,tie;tie;tie,0,0,False,False,1.1559156339262966,1.1434663642834035,1.1667083210098323,0.9583333333333334,block_major_block_first,1.147604;1.161169;1.159703,block_major_block_first;block_major_block_first;block_major_block_first,3,0,True,False,2.423849064180168,2.399068095415964,2.450824062093164,1.0,block_major_block_first,2.444233;2.415895;2.424924,block_major_block_first;block_major_block_first;block_major_block_first,3,0,True,False,1.1340650228971594,1.1237558184153889,1.1485846810560694,0.9416666666666667,block_major_block_first,1.126725;1.148011;1.134065,block_major_block_first;block_major_block_first;block_major_block_first,3,0,True,False,block_major_block_first
kv_byte_target,target40mib_b1_h4_s40960,kv_byte_target,mha4,4,4,64,1,40960,64,40,sequential_outer_loop,41943040,41943040,41943040,41943040,640,640,64,latin_square_cycle4,0;1;2,3,1,120,1.049722,1.13195115,2.0381225,2.2928507,1.0791165,1.1899648999999999,0.903261,1.09637085,0.5163000674162159,0.5055891929867284,0.5268617637504445,0.0,head_major_head_first,0.522697;0.510592;0.516153,head_major_head_first;head_major_head_first;head_major_head_first,0,3,False,True,0.9803675082512144,0.966133499667311,0.9941332996153003,0.39166666666666666,tie,1.030328;0.936490;0.983169,tie;head_major_head_first;tie,0,1,False,False,1.1570476238534344,1.1379004980424534,1.175094882474988,0.875,block_major_block_first,1.162006;1.144179;1.161839,block_major_block_first;block_major_block_first;block_major_block_first,3,0,True,False,2.238527449335261,2.2179664440194315,2.257942382128424,1.0,block_major_block_first,2.262544;2.237663;2.220156,block_major_block_first;block_major_block_first;block_major_block_first,3,0,True,False,1.1747367651149654,1.152514264508146,1.2026281870050999,0.9083333333333333,block_major_block_first,1.155256;1.205524;1.181429,block_major_block_first;block_major_block_first;block_major_block_first,3,0,True,False,block_major_block_first
kv_byte_target,target40mib_b1_h8_s20480,kv_byte_target,mha8,8,8,64,1,20480,64,40,sequential_outer_loop,41943040,41943040,41943040,41943040,320,320,64,latin_square_cycle4,0;1;2,3,1,120,1.03484,1.1166535499999999,1.9060674999999998,2.2080493,1.4599950000000002,1.55543735,0.903687,1.11722135,0.545482544363957,0.5248450414778081,0.5694087645832738,0.0,head_major_head_first,0.576059;0.543671;0.532656,head_major_head_first;head_major_head_first;head_major_head_first,0,3,False,True,0.7087277598407129,0.6991401613517383,0.7169164140320485,0.0,head_major_head_first,0.694515;0.732878;0.697338,head_major_head_first;head_major_head_first;head_major_head_first,0,3,False,True,1.1397549335126573,1.118395730889964,1.1651671123602592,0.8166666666666667,tie,1.126904;1.163163;1.131433,tie;block_major_block_first;tie,1,0,False,False,2.0628201487178437,2.036052180432,2.0865038714820843,1.0,block_major_block_first,2.023055;2.092557;2.066938,block_major_block_first;block_major_block_first;block_major_block_first,3,0,True,False,1.5933016297492397,1.5795171754114739,1.6191842759270705,1.0,block_major_block_first,1.601031;1.584031;1.596732,block_major_block_first;block_major_block_first;block_major_block_first,3,0,True,False,head_major_head_first
kv_byte_target,target40mib_b2_h16_s5120,kv_byte_target,mha16,16,16,64,2,5120,64,40,sequential_outer_loop,20971520,41943040,20971520,41943040,80,160,64,latin_square_cycle4,0;1;2,3,1,120,1.056832,1.1631281,1.6170615000000002,1.7165278,1.589385,1.671232,0.906581,1.09788125,0.6535827843877426,0.6378824646973481,0.6662548283600863,0.0,head_major_head_first,0.664566;0.638460;0.659196,head_major_head_first;head_major_head_first;head_major_head_first,0,3,False,True,0.6637911970958541,0.6557379557522773,0.6730946546141128,0.0,head_major_head_first,0.689977;0.656813;0.648056,head_major_head_first;head_major_head_first;head_major_head_first,0,3,False,True,1.167349340652366,1.127977117425072,1.189613568453636,0.8833333333333333,block_major_block_first,1.188795;1.126178;1.159069,block_major_block_first;block_major_block_first;block_major_block_first,3,0,True,False,1.7906112336415658,1.76797593598886,1.8002477989288692,1.0,block_major_block_first,1.785895;1.807253;1.757455,block_major_block_first;block_major_block_first;block_major_block_first,3,0,True,False,1.7542356294137529,1.7228494095562397,1.7756337536661064,1.0,block_major_block_first,1.723399;1.731137;1.798828,block_major_block_first;block_major_block_first;block_major_block_first,3,0,True,False,block_major_block_first
kv_byte_target,target40mib_b2_h2_s40960,kv_byte_target,mha2,2,2,64,2,40960,64,40,sequential_outer_loop,20971520,41943040,20971520,41943040,640,1280,64,latin_square_cycle4,0;1;2,3,1,120,1.039221,1.1063666499999998,2.125763,2.2947009,1.036301,1.1043056,0.9003365,0.9456785500000001,0.4862259173534549,0.48006134681058604,0.497047111181923,0.0,head_major_head_first,0.498126;0.488117;0.480533,head_major_head_first;head_major_head_first;head_major_head_first,0,3,False,True,1.001565920619885,0.9906617394455101,1.0081467428421718,0.5083333333333333,tie,1.009063;1.002481;0.988354,tie;tie;tie,0,0,False,False,1.1553209865557825,1.1412924940800036,1.1684863120248021,0.9666666666666667,block_major_block_first,1.178825;1.156686;1.127145,block_major_block_first;block_major_block_first;block_major_block_first,3,0,True,False,2.3676102557026195,2.346326539738757,2.3787081788668503,1.0,block_major_block_first,2.344772;2.360466;2.393816,block_major_block_first;block_major_block_first;block_major_block_first,3,0,True,False,1.147502179451565,1.1268319514296397,1.1671953933223675,0.9666666666666667,block_major_block_first,1.151787;1.151000;1.130877,block_major_block_first;block_major_block_first;block_major_block_first,3,0,True,False,block_major_block_first
kv_byte_target,target40mib_b2_h4_s20480,kv_byte_target,mha4,4,4,64,2,20480,64,40,sequential_outer_loop,20971520,41943040,20971520,41943040,320,640,64,latin_square_cycle4,0;1;2,3,1,120,1.0563514999999999,1.1054274499999999,1.906383,2.06679965,1.0608529999999998,1.1666626,0.899931,0.93212845,0.5538405258921391,0.533653528513028,0.5687278244480692,0.0,head_major_head_first,0.542620;0.542885;0.558566,head_major_head_first;head_major_head_first;head_major_head_first,0,3,False,True,0.9683398171067468,0.9607515946207468,0.9826124018919902,0.325,tie,0.966687;1.009298;0.939185,tie;tie;head_major_head_first,0,1,False,False,1.1731122519284363,1.150271093884678,1.1900407205775005,0.975,block_major_block_first,1.171649;1.173112;1.170971,block_major_block_first;block_major_block_first;block_major_block_first,3,0,True,False,2.1142784700281694,2.091483844220893,2.1481249672275085,1.0,block_major_block_first,2.143758;2.124070;2.092967,block_major_block_first;block_major_block_first;block_major_block_first,3,0,True,False,1.181002551911867,1.1682909019742973,1.2058522543709276,0.975,block_major_block_first,1.177524;1.156007;1.226720,block_major_block_first;block_major_block_first;block_major_block_first,3,0,True,False,block_major_block_first
kv_byte_target,target40mib_b2_h8_s10240,kv_byte_target,mha8,8,8,64,2,10240,64,40,sequential_outer_loop,20971520,41943040,20971520,41943040,160,320,64,latin_square_cycle4,0;1;2,3,1,120,1.0599825,1.124895,1.7605725,1.9520307000000001,1.446885,1.54291965,0.89946,1.02693215,0.6032709956696796,0.5858490403056513,0.6191800546308898,0.0,head_major_head_first,0.596732;0.611802;0.595680,head_major_head_first;head_major_head_first;head_major_head_first,0,3,False,True,0.7302922997653729,0.7229398738893398,0.7368923984059023,0.0,head_major_head_first,0.726438;0.723236;0.742719,head_major_head_first;head_major_head_first;head_major_head_first,0,3,False,True,1.1749940069257043,1.153939172284234,1.1922943162368695,0.925,block_major_block_first,1.163951;1.191849;1.163237,block_major_block_first;block_major_block_first;block_major_block_first,3,0,True,False,1.9515306436941287,1.9358429274782543,1.9624467787019708,1.0,block_major_block_first,1.951192;1.945581;1.953902,block_major_block_first;block_major_block_first;block_major_block_first,3,0,True,False,1.6006113447943662,1.5832270774557937,1.623445259762512,1.0,block_major_block_first,1.594967;1.640534;1.572856,block_major_block_first;block_major_block_first;block_major_block_first,3,0,True,False,block_major_block_first
kv_byte_target,target40mib_b4_h16_s2560,kv_byte_target,mha16,16,16,64,4,2560,64,40,sequential_outer_loop,10485760,41943040,10485760,41943040,40,160,64,latin_square_cycle4,0;1;2,3,1,120,1.017789,1.1116239,1.5734065,1.64731005,1.5713080000000001,1.6302054,0.9202215,0.97284795,0.6438378808784975,0.6357079065500147,0.653678951269318,0.0,head_major_head_first,0.638642;0.643959;0.653679,head_major_head_first;head_major_head_first;head_major_head_first,0,3,False,True,0.6493527082621546,0.641598521903269,0.656087276865979,0.0,head_major_head_first,0.634626;0.640945;0.665587,head_major_head_first;head_major_head_first;head_major_head_first,0,3,False,True,1.0997747844926098,1.087373986651393,1.1163685502559104,0.9416666666666667,block_major_block_first,1.094571;1.096796;1.109490,block_major_block_first;block_major_block_first;block_major_block_first,3,0,True,False,1.702803316000665,1.6974811902085085,1.7137389017035334,1.0,block_major_block_first,1.723657;1.703703;1.695159,block_major_block_first;block_major_block_first;block_major_block_first,3,0,True,False,1.7038908225953282,1.6862186202636638,1.7145206766917294,1.0,block_major_block_first,1.728318;1.708850;1.656823,block_major_block_first;block_major_block_first;block_major_block_first,3,0,True,False,block_major_block_first
kv_byte_target,target40mib_b4_h2_s20480,kv_byte_target,mha2,2,2,64,4,20480,64,40,sequential_outer_loop,10485760,41943040,10485760,41943040,320,1280,64,latin_square_cycle4,0;1;2,3,1,120,1.0535575000000001,1.12273465,2.0517515,2.2181973,1.0229970000000002,1.1102094999999998,0.8981939999999999,0.93611165,0.519810423242109,0.49318801491036013,0.5293265853020068,0.0,head_major_head_first,0.513349;0.531641;0.496874,head_major_head_first;head_major_head_first;head_major_head_first,0,3,False,True,1.0321934584640564,1.0035207847286567,1.050513796493153,0.6,tie,1.043487;0.997846;1.046482,tie;tie;tie,0,0,False,False,1.1727875608850589,1.1555063254495979,1.190552478365686,0.975,block_major_block_first,1.172788;1.194333;1.161135,block_major_block_first;block_major_block_first;block_major_block_first,3,0,True,False,2.279288160746857,2.2581330848907166,2.3018699598267536,1.0,block_major_block_first,2.276452;2.252359;2.321254,block_major_block_first;block_major_block_first;block_major_block_first,3,0,True,False,1.1400768504580587,1.127734898645039,1.152674122851889,0.9583333333333334,block_major_block_first,1.136153;1.150040;1.125871,block_major_block_first;block_major_block_first;block_major_block_first,3,0,True,False,block_major_block_first
kv_byte_target,target40mib_b4_h4_s10240,kv_byte_target,mha4,4,4,64,4,10240,64,40,sequential_outer_loop,10485760,41943040,10485760,41943040,160,640,64,latin_square_cycle4,0;1;2,3,1,120,1.05844,1.11351275,1.8103585,1.9110422,1.1022615,1.1877758,0.8998705,0.9450318999999999,0.5803970954869053,0.5672570197621878,0.5987227328670397,0.0,head_major_head_first,0.585000;0.576028;0.581002,head_major_head_first;head_major_head_first;head_major_head_first,0,3,False,True,0.9468687126897902,0.9389466616118547,0.9644727968187088,0.25833333333333336,tie,0.989682;0.940825;0.936078,tie;tie;head_major_head_first,0,1,False,False,1.1652369821254125,1.1518402624215769,1.1932379958316413,0.9833333333333333,block_major_block_first,1.181191;1.162323;1.158892,block_major_block_first;block_major_block_first;block_major_block_first,3,0,True,False,2.0083872801691793,1.9955877512186104,2.01976436716623,1.0,block_major_block_first,2.012306;2.016916;1.984345,block_major_block_first;block_major_block_first;block_major_block_first,3,0,True,False,1.224091471486544,1.208739394301376,1.241179942451084,0.9833333333333333,block_major_block_first,1.213511;1.234789;1.235633,block_major_block_first;block_major_block_first;block_major_block_first,3,0,True,False,block_major_block_first
kv_byte_target,target40mib_b4_h8_s5120,kv_byte_target,mha8,8,8,64,4,5120,64,40,sequential_outer_loop,10485760,41943040,10485760,41943040,80,320,64,latin_square_cycle4,0;1;2,3,1,120,1.0632125000000001,1.1395834999999999,1.637102,1.7007865,1.4546869999999998,1.5321010499999999,0.909555,1.0665994,0.654868327760008,0.6361591424651059,0.6684602321860804,0.0,head_major_head_first,0.655243;0.640064;0.669679,head_major_head_first;head_major_head_first;head_major_head_first,0,3,False,True,0.7319708469370703,0.7208787375866451,0.742400395987207,0.0,head_major_head_first,0.733696;0.725041;0.728396,head_major_head_first;head_major_head_first;head_major_head_first,0,3,False,True,1.1775837370571205,1.1500702554278701,1.1884507711380998,0.95,block_major_block_first,1.147183;1.186243;1.181978,block_major_block_first;block_major_block_first;block_major_block_first,3,0,True,False,1.7816318099320316,1.7730409647035335,1.7989383731891493,1.0,block_major_block_first,1.769544;1.809224;1.783136,block_major_block_first;block_major_block_first;block_major_block_first,3,0,True,False,1.6001922648072102,1.5759086288973476,1.612686068793018,1.0,block_major_block_first,1.579272;1.600192;1.622545,block_major_block_first;block_major_block_first;block_major_block_first,3,0,True,False,block_major_block_first
kv_byte_target,target40mib_b8_h16_s1280,kv_byte_target,mha16,16,16,64,8,1280,64,40,sequential_outer_loop,5242880,41943040,5242880,41943040,20,160,64,latin_square_cycle4,0;1;2,3,1,120,0.9866360000000001,1.0481411999999999,1.5591645,1.6256310999999999,1.567422,1.62256375,0.9424349999999999,1.0041394,0.6336538756170746,0.627026146652053,0.6402474586093995,0.0,head_major_head_first,0.626707;0.633251;0.642590,head_major_head_first;head_major_head_first;head_major_head_first,0,3,False,True,0.6309025625941449,0.6271575555290012,0.6358222346801033,0.0,head_major_head_first,0.622704;0.652329;0.626951,head_major_head_first;head_major_head_first;head_major_head_first,0,3,False,True,1.0444399054459497,1.0352741775314047,1.0619370865397597,0.8666666666666667,tie,1.037810;1.042782;1.065284,tie;tie;block_major_block_first,1,0,False,False,1.6508584470785137,1.6450813435747405,1.6610522066824638,1.0,block_major_block_first,1.661727;1.647817;1.649207,block_major_block_first;block_major_block_first;block_major_block_first,3,0,True,False,1.652822508784473,1.6351544816718255,1.6638846745673948,1.0,block_major_block_first,1.656004;1.605841;1.686564,block_major_block_first;block_major_block_first;block_major_block_first,3,0,True,False,head_major_head_first
kv_byte_target,target40mib_b8_h2_s10240,kv_byte_target,mha2,2,2,64,8,10240,64,40,sequential_outer_loop,5242880,41943040,5242880,41943040,160,1280,64,latin_square_cycle4,0;1;2,3,1,120,1.0585195,1.12726925,1.9773844999999999,2.08175795,1.027153,1.1065847999999998,0.895985,0.92874225,0.5372948185503249,0.5214318832727971,0.5584988279186476,0.0,head_major_head_first,0.534658;0.545118;0.541025,head_major_head_first;head_major_head_first;head_major_head_first,0,3,False,True,1.0410684056045136,1.0115921729795478,1.0559706529713866,0.6416666666666667,tie,1.046960;1.061036;0.998614,tie;head_major_block_first;tie,1,0,False,False,1.1833895745696363,1.16214236331067,1.1977338143746472,0.9916666666666667,block_major_block_first,1.186737;1.175495;1.180711,block_major_block_first;block_major_block_first;block_major_block_first,3,0,True,False,2.187344994210703,2.170565784527856,2.203920109832782,1.0,block_major_block_first,2.187606;2.191782;2.177598,block_major_block_first;block_major_block_first;block_major_block_first,3,0,True,False,1.147113302090148,1.136696704922689,1.158950226082645,0.9583333333333334,block_major_block_first,1.138561;1.141914;1.150376,block_major_block_first;block_major_block_first;block_major_block_first,3,0,True,False,block_major_block_first
kv_byte_target,target40mib_b8_h4_s5120,kv_byte_target,mha4,4,4,64,8,5120,64,40,sequential_outer_loop,5242880,41943040,5242880,41943040,80,640,64,latin_square_cycle4,0;1;2,3,1,120,1.067333,1.14716265,1.706081,1.7944935,1.0756405,1.1787313999999998,0.9025894999999999,0.9355111500000001,0.6249360307918377,0.6076965580250551,0.6428497076022394,0.0,head_major_head_first,0.634748;0.613956;0.623842,head_major_head_first;head_major_head_first;head_major_head_first,0,3,False,True,0.9955883025031016,0.980029135645903,1.0090020798973725,0.4666666666666667,tie,1.031634;0.986622;0.976768,tie;tie;tie,0,0,False,False,1.1808503345331938,1.1644750317479824,1.2008539024247336,0.9833333333333333,block_major_block_first,1.189190;1.187831;1.165545,block_major_block_first;block_major_block_first;block_major_block_first,3,0,True,False,1.8828801969124696,1.8723693319034613,1.899062297496801,1.0,block_major_block_first,1.873472;1.891746;1.886627,block_major_block_first;block_major_block_first;block_major_block_first,3,0,True,False,1.1932826971004031,1.1685736070725232,1.2064916777593206,0.9916666666666667,block_major_block_first,1.158975;1.218097;1.196101,block_major_block_first;block_major_block_first;block_major_block_first,3,0,True,False,block_major_block_first
kv_byte_target,target40mib_b8_h8_s2560,kv_byte_target,mha8,8,8,64,8,2560,64,40,sequential_outer_loop,5242880,41943040,5242880,41943040,40,320,64,latin_square_cycle4,0;1;2,3,1,120,1.017989,1.1100294,1.5880679999999998,1.6858196500000002,1.4370254999999998,1.58998065,0.917883,0.9808793,0.6404871588021706,0.6304822691168069,0.6518892770286324,0.0,head_major_head_first,0.657285;0.641641;0.635271,head_major_head_first;head_major_head_first;head_major_head_first,0,3,False,True,0.7109297940169849,0.7022498856964939,0.7222868747156559,0.0,head_major_head_first,0.735272;0.711413;0.676221,head_major_head_first;head_major_head_first;head_major_head_first,0,3,False,True,1.1021555947157924,1.0919122604959934,1.1310833393803457,0.9166666666666666,block_major_block_first,1.131546;1.106336;1.093586,block_major_block_first;block_major_block_first;block_major_block_first,3,0,True,False,1.7199079944377644,1.7091267257169116,1.7311419992540458,1.0,block_major_block_first,1.712677;1.725677;1.720786,block_major_block_first;block_major_block_first;block_major_block_first,3,0,True,False,1.5513010849437914,1.5358571247598922,1.570055003415245,1.0,block_major_block_first,1.528198;1.548453;1.610647,block_major_block_first;block_major_block_first;block_major_block_first,3,0,True,False,block_major_block_first
kv_byte_target,target56mib_b1_h16_s14336,kv_byte_target,mha16,16,16,64,1,14336,64,56,sequential_outer_loop,58720256,58720256,58720256,58720256,224,224,64,latin_square_cycle4,0;1;2,3,1,120,1.5854395000000001,1.65135405,2.601235,2.9342008,2.274863,2.3422851,1.4778465,1.6590980499999999,0.5994668933419647,0.5891000337221982,0.6089013490691091,0.0,head_major_head_first,0.603300;0.596628;0.596639,head_major_head_first;head_major_head_first;head_major_head_first,0,3,False,True,0.6930685163026497,0.6828394889605426,0.6995389736835864,0.0,head_major_head_first,0.699588;0.693972;0.687155,head_major_head_first;head_major_head_first;head_major_head_first,0,3,False,True,1.0361714283826402,1.0087182116170326,1.110558314557475,0.6333333333333333,tie,1.006409;1.103997;1.076830,tie;tie;tie,0,0,False,False,1.7937204179020563,1.7484698581422564,1.9415017752676664,1.0,block_major_block_first,1.618907;1.932612;1.774027,block_major_block_first;block_major_block_first;block_major_block_first,3,0,True,False,1.5057550364830763,1.4267306318642758,1.6451962822651558,1.0,block_major_block_first,1.436876;1.606496;1.594471,block_major_block_first;block_major_block_first;block_major_block_first,3,0,True,False,head_major_head_first
kv_byte_target,target56mib_b1_h2_s114688,kv_byte_target,mha2,2,2,64,1,114688,64,56,sequential_outer_loop,58720256,58720256,58720256,58720256,1792,1792,64,latin_square_cycle4,0;1;2,3,1,120,1.541032,1.6101423,3.3594725,3.5647337,1.5063045,1.5811459499999998,1.3010605000000002,1.3715411,0.4642068607456636,0.4492315393057838,0.47254638863409265,0.0,head_major_head_first,0.462019;0.465413;0.461546,head_major_head_first;head_major_head_first;head_major_head_first,0,3,False,True,1.0226210398163333,1.0077376008385746,1.0384216898207832,0.6833333333333333,tie,1.014958;1.008871;1.052150,tie;tie;tie,0,0,False,False,1.1892041610084694,1.172708060276216,1.2020272829313545,0.975,block_major_block_first,1.189204;1.183139;1.194885,block_major_block_first;block_major_block_first;block_major_block_first,3,0,True,False,2.5649905097634202,2.5522641579774197,2.5738814419824587,1.0,block_major_block_first,2.580832;2.554906;2.570746,block_major_block_first;block_major_block_first;block_major_block_first,3,0,True,False,1.1631065500465931,1.1453049218834697,1.176600837535348,0.9583333333333334,block_major_block_first,1.170412;1.164860;1.145892,block_major_block_first;block_major_block_first;block_major_block_first,3,0,True,False,block_major_block_first
kv_byte_target,target56mib_b1_h4_s57344,kv_byte_target,mha4,4,4,64,1,57344,64,56,sequential_outer_loop,58720256,58720256,58720256,58720256,896,896,64,latin_square_cycle4,0;1;2,3,1,120,1.5557539999999999,1.62512175,3.1531919999999998,3.4335486499999996,1.590031,1.6672876,1.295773,1.6202842499999999,0.4964772261996423,0.4865802723205315,0.5047113618409255,0.0,head_major_head_first,0.489699;0.499564;0.496712,head_major_head_first;head_major_head_first;head_major_head_first,0,3,False,True,0.9797272596691613,0.9685689886543858,0.9960047130564252,0.36666666666666664,tie,0.975246;0.998467;0.967562,tie;tie;tie,0,0,False,False,1.199927324531906,1.184277788043627,1.2194790577896621,0.8666666666666667,block_major_block_first,1.196310;1.218035;1.198907,block_major_block_first;block_major_block_first;tie,2,0,True,False,2.393210580001184,2.384289423139781,2.407386906542489,1.0,block_major_block_first,2.393517;2.396654;2.390642,block_major_block_first;block_major_block_first;block_major_block_first,3,0,True,False,1.2213163634749427,1.2016482085536428,1.2402337272116362,0.8833333333333333,block_major_block_first,1.221191;1.218927;1.236912,block_major_block_first;block_major_block_first;block_major_block_first,3,0,True,False,block_major_block_first
kv_byte_target,target56mib_b1_h8_s28672,kv_byte_target,mha8,8,8,64,1,28672,64,56,sequential_outer_loop,58720256,58720256,58720256,58720256,448,448,64,latin_square_cycle4,0;1;2,3,1,120,1.5745175,1.6291006,2.9120225,3.22781065,2.0905505,2.1758810000000004,1.305352,1.6453151,0.5370188179321285,0.528775626282017,0.5455069621847335,0.0,head_major_head_first,0.538026;0.530691;0.542641,head_major_head_first;head_major_head_first;head_major_head_first,0,3,False,True,0.7465146643009577,0.7413920915777714,0.753729312511165,0.0,head_major_head_first,0.744057;0.745949;0.754450,head_major_head_first;head_major_head_first;head_major_head_first,0,3,False,True,1.190853525149922,1.1565577276563277,1.2119408984137996,0.8166666666666667,tie,1.208748;1.185987;1.157942,tie;tie;tie,0,0,False,False,2.215837582863446,2.180536112729013,2.2447125379705817,1.0,block_major_block_first,2.246204;2.243756;2.161595,block_major_block_first;block_major_block_first;block_major_block_first,3,0,True,False,1.5955002492942831,1.556626153147848,1.601841707462521,1.0,block_major_block_first,1.597803;1.610913;1.555412,block_major_block_first;block_major_block_first;block_major_block_first,3,0,True,False,head_major_head_first
kv_byte_target,target56mib_b2_h16_s7168,kv_byte_target,mha16,16,16,64,2,7168,64,56,sequential_outer_loop,29360128,58720256,29360128,58720256,112,224,64,latin_square_cycle4,0;1;2,3,1,120,1.5470815,1.6426685999999997,2.4553255,2.57656465,2.2635815,2.32871,1.3113115,1.41419525,0.6277675235127835,0.6185340561267347,0.6453330984175782,0.0,head_major_head_first,0.629575;0.622914;0.628393,head_major_head_first;head_major_head_first;head_major_head_first,0,3,False,True,0.6843113941508887,0.6731487184807206,0.6973530703349816,0.0,head_major_head_first,0.691476;0.676823;0.685714,head_major_head_first;head_major_head_first;head_major_head_first,0,3,False,True,1.182605634880518,1.1568384935429281,1.2037995765030571,0.9416666666666667,block_major_block_first,1.195087;1.182606;1.167330,block_major_block_first;block_major_block_first;block_major_block_first,3,0,True,False,1.8713735686217174,1.8606917026354617,1.8898203853934843,1.0,block_major_block_first,1.867325;1.891383;1.855626,block_major_block_first;block_major_block_first;block_major_block_first,3,0,True,False,1.729480466518643,1.7000866313919811,1.7423508125380105,1.0,block_major_block_first,1.723120;1.734439;1.712777,block_major_block_first;block_major_block_first;block_major_block_first,3,0,True,False,block_major_block_first
kv_byte_target,target56mib_b2_h2_s57344,kv_byte_target,mha2,2,2,64,2,57344,64,56,sequential_outer_loop,29360128,58720256,29360128,58720256,896,1792,64,latin_square_cycle4,0;1;2,3,1,120,1.5530555000000001,1.6034856,3.243168,3.4013638999999998,1.513706,1.58806465,1.3053270000000001,1.371923,0.48288847697045967,0.4745375821148594,0.49149572991547186,0.0,head_major_head_first,0.485089;0.482601;0.486049,head_major_head_first;head_major_head_first;head_major_head_first,0,3,False,True,1.0327211206126776,1.0141672508228525,1.0429362076648405,0.7333333333333333,tie,1.036246;1.013603;1.035312,tie;tie;tie,0,0,False,False,1.1898011085825226,1.1739718311576754,1.1999908720379822,0.9916666666666667,block_major_block_first,1.188324;1.168497;1.199477,block_major_block_first;block_major_block_first;block_major_block_first,3,0,True,False,2.4586573228536235,2.444915355007934,2.4737669400395155,1.0,block_major_block_first,2.471631;2.425222;2.480322,block_major_block_first;block_major_block_first;block_major_block_first,3,0,True,False,1.1552899020266452,1.1448362795430858,1.1748821544173547,0.9666666666666667,block_major_block_first,1.170261;1.149309;1.159002,block_major_block_first;block_major_block_first;block_major_block_first,3,0,True,False,block_major_block_first
kv_byte_target,target56mib_b2_h4_s28672,kv_byte_target,mha4,4,4,64,2,28672,64,56,sequential_outer_loop,29360128,58720256,29360128,58720256,448,896,64,latin_square_cycle4,0;1;2,3,1,120,1.5605315,1.6261379999999999,2.98638,3.1456337000000003,1.5964155,1.6732965,1.3024274999999998,1.3710232,0.5252876682766555,0.5177520674882815,0.5351263591302943,0.0,head_major_head_first,0.529261;0.521538;0.527725,head_major_head_first;head_major_head_first;head_major_head_first,0,3,False,True,0.9724275871527828,0.9616253492845065,0.9915925420301515,0.36666666666666664,tie,0.993758;0.952560;0.991424,tie;tie;tie,0,0,False,False,1.1958340062992479,1.1696447710624684,1.2100748616603805,0.9916666666666667,block_major_block_first,1.207749;1.170645;1.208998,block_major_block_first;block_major_block_first;block_major_block_first,3,0,True,False,2.2645806457892115,2.2539819327932618,2.2733048376958687,1.0,block_major_block_first,2.291717;2.248965;2.266726,block_major_block_first;block_major_block_first;block_major_block_first,3,0,True,False,1.2186490131634762,1.1976874936875535,1.2366849901002495,0.9916666666666667,block_major_block_first,1.226345;1.222696;1.212767,block_major_block_first;block_major_block_first;block_major_block_first,3,0,True,False,block_major_block_first
kv_byte_target,target56mib_b2_h8_s14336,kv_byte_target,mha8,8,8,64,2,14336,64,56,sequential_outer_loop,29360128,58720256,29360128,58720256,224,448,64,latin_square_cycle4,0;1;2,3,1,120,1.5722945,1.634303,2.70382,2.86821295,2.091783,2.19101805,1.302432,1.3711617,0.5808756074520074,0.5684703432245318,0.590629236111291,0.0,head_major_head_first,0.573793;0.590993;0.578563,head_major_head_first;head_major_head_first;head_major_head_first,0,3,False,True,0.7485575665701035,0.7380424103704921,0.7576946924738193,0.0,head_major_head_first,0.748896;0.752263;0.738560,head_major_head_first;head_major_head_first;head_major_head_first,0,3,False,True,1.2007539069075046,1.1801874611626462,1.2232602498297436,1.0,block_major_block_first,1.183722;1.220280;1.203147,block_major_block_first;block_major_block_first;block_major_block_first,3,0,True,False,2.0836183766393415,2.0630161584943827,2.0910487877370345,1.0,block_major_block_first,2.083028;2.081980;2.087886,block_major_block_first;block_major_block_first;block_major_block_first,3,0,True,False,1.6069891916150363,1.593149938664973,1.6331061349655849,1.0,block_major_block_first,1.603370;1.602951;1.609818,block_major_block_first;block_major_block_first;block_major_block_first,3,0,True,False,block_major_block_first
kv_byte_target,target56mib_b4_h16_s3584,kv_byte_target,mha16,16,16,64,4,3584,64,56,sequential_outer_loop,14680064,58720256,14680064,58720256,56,224,64,latin_square_cycle4,0;1;2,3,1,120,1.544853,1.6498048499999998,2.2718445,2.3682251500000002,2.2649135,2.32775525,1.321891,1.4265184999999998,0.6846830639760981,0.6789654176371893,0.6900619688114595,0.0,head_major_head_first,0.681373;0.687652;0.686473,head_major_head_first;head_major_head_first;head_major_head_first,0,3,False,True,0.6836660793069012,0.6751204629486283,0.6985175476323399,0.0,head_major_head_first,0.680887;0.681398;0.691433,head_major_head_first;head_major_head_first;head_major_head_first,0,3,False,True,1.172522682166179,1.1452072040301693,1.199821370822579,0.925,block_major_block_first,1.179385;1.189288;1.159138,block_major_block_first;block_major_block_first;block_major_block_first,3,0,True,False,1.7070263278783828,1.6967825457054684,1.7269142321208601,1.0,block_major_block_first,1.721520;1.723129;1.694702,block_major_block_first;block_major_block_first;block_major_block_first,3,0,True,False,1.7160259854154045,1.7005795939673947,1.7315476332336723,1.0,block_major_block_first,1.718062;1.729367;1.692735,block_major_block_first;block_major_block_first;block_major_block_first,3,0,True,False,block_major_block_first
kv_byte_target,target56mib_b4_h2_s28672,kv_byte_target,mha2,2,2,64,4,28672,64,56,sequential_outer_loop,14680064,58720256,14680064,58720256,448,1792,64,latin_square_cycle4,0;1;2,3,1,120,1.5408125,1.608612,3.097743,3.2580802,1.526721,1.5901860499999998,1.3000090000000002,1.3606920500000002,0.5028231582131174,0.4896327906441858,0.5119216387592178,0.0,head_major_head_first,0.497193;0.507695;0.504555,head_major_head_first;head_major_head_first;head_major_head_first,0,3,False,True,1.0053717920093723,0.9959940612732676,1.0143921667354625,0.5583333333333333,tie,0.996715;1.021060;1.007599,tie;tie;tie,0,0,False,False,1.1910196413897216,1.1664456557290919,1.20066580074676,1.0,block_major_block_first,1.175178;1.202481;1.184685,block_major_block_first;block_major_block_first;block_major_block_first,3,0,True,False,2.3767998839647593,2.356888982788555,2.387294386820881,1.0,block_major_block_first,2.371572;2.392516;2.352185,block_major_block_first;block_major_block_first;block_major_block_first,3,0,True,False,1.1782993880521335,1.1637911521815985,1.196166005142027,0.9833333333333333,block_major_block_first,1.176301;1.191313;1.161773,block_major_block_first;block_major_block_first;block_major_block_first,3,0,True,False,block_major_block_first
kv_byte_target,target56mib_b4_h4_s14336,kv_byte_target,mha4,4,4,64,4,14336,64,56,sequential_outer_loop,14680064,58720256,14680064,58720256,224,896,64,latin_square_cycle4,0;1;2,3,1,120,1.570246,1.6317294999999998,2.7917569999999996,2.89773075,1.5736115,1.6881761,1.306263,1.3813741499999999,0.562539879000708,0.555194616939635,0.5707739097512865,0.0,head_major_head_first,0.558943;0.567228;0.562165,head_major_head_first;head_major_head_first;head_major_head_first,0,3,False,True,0.9940272625581245,0.9815293320819137,1.010901208973395,0.475,tie,1.014718;0.988452;0.989371,tie;tie;tie,0,0,False,False,1.2033184904707408,1.1790940986074603,1.2198692326187754,0.9916666666666667,block_major_block_first,1.204165;1.176764;1.228958,block_major_block_first;block_major_block_first;block_major_block_first,3,0,True,False,2.108251151798231,2.0892353210502703,2.1288192079035584,1.0,block_major_block_first,2.112374;2.079640;2.143785,block_major_block_first;block_major_block_first;block_major_block_first,3,0,True,False,1.2016386854405245,1.1851119649740667,1.2256354287558893,0.9833333333333333,block_major_block_first,1.193219;1.193007;1.221450,block_major_block_first;block_major_block_first;block_major_block_first,3,0,True,False,block_major_block_first
kv_byte_target,target56mib_b4_h8_s7168,kv_byte_target,mha8,8,8,64,4,7168,64,56,sequential_outer_loop,14680064,58720256,14680064,58720256,112,448,64,latin_square_cycle4,0;1;2,3,1,120,1.5808125,1.63561085,2.496758,2.5818864,2.090616,2.1821887,1.3081355000000001,1.3818036,0.6337096402250143,0.6237492675871648,0.6401248299645168,0.0,head_major_head_first,0.632482;0.636211;0.635974,head_major_head_first;head_major_head_first;head_major_head_first,0,3,False,True,0.751093431473703,0.7432786540217428,0.7550841057458278,0.0,head_major_head_first,0.751051;0.750639;0.751160,head_major_head_first;head_major_head_first;head_major_head_first,0,3,False,True,1.2149359514970652,1.1871023739831392,1.2228684123959122,0.9916666666666667,block_major_block_first,1.204032;1.202965;1.220350,block_major_block_first;block_major_block_first;block_major_block_first,3,0,True,False,1.8979631949404128,1.891439919531633,1.9056243303385139,1.0,block_major_block_first,1.902254;1.893090;1.897022,block_major_block_first;block_major_block_first;block_major_block_first,3,0,True,False,1.598430402500532,1.5814787576897846,1.619251990380351,1.0,block_major_block_first,1.586894;1.604376;1.615878,block_major_block_first;block_major_block_first;block_major_block_first,3,0,True,False,block_major_block_first
kv_byte_target,target56mib_b8_h16_s1792,kv_byte_target,mha16,16,16,64,8,1792,64,56,sequential_outer_loop,7340032,58720256,7340032,58720256,28,224,64,latin_square_cycle4,0;1;2,3,1,120,1.4753335,1.56761835,2.2593110000000003,2.3183781,2.180265,2.2373130999999997,1.3636445,1.4555886,0.6494475291358186,0.638617991102705,0.6643066204825431,0.0,head_major_head_first,0.646772;0.651373;0.653526,head_major_head_first;head_major_head_first;head_major_head_first,0,3,False,True,0.6733607261796763,0.6680685914490287,0.6798990503186726,0.0,head_major_head_first,0.670741;0.669782;0.682143,head_major_head_first;head_major_head_first;head_major_head_first,0,3,False,True,1.0804444123964356,1.0555053349721544,1.103105853935809,0.8583333333333333,block_major_block_first,1.078310;1.073301;1.093415,block_major_block_first;block_major_block_first;block_major_block_first,3,0,True,False,1.6589445643563865,1.6492904701352833,1.664953751678822,1.0,block_major_block_first,1.661304;1.654294;1.660973,block_major_block_first;block_major_block_first;block_major_block_first,3,0,True,False,1.5966620834863845,1.5742683749353998,1.6284462198096492,1.0,block_major_block_first,1.596507;1.604397;1.593931,block_major_block_first;block_major_block_first;block_major_block_first,3,0,True,False,block_major_block_first
kv_byte_target,target56mib_b8_h2_s14336,kv_byte_target,mha2,2,2,64,8,14336,64,56,sequential_outer_loop,7340032,58720256,7340032,58720256,224,1792,64,latin_square_cycle4,0;1;2,3,1,120,1.565509,1.61482415,3.0095695,3.1258275,1.5206615,1.5879607,1.2972394999999999,1.3808826,0.52505358428551,0.5131160912788991,0.536691883546986,0.0,head_major_head_first,0.523472;0.524540;0.525998,head_major_head_first;head_major_head_first;head_major_head_first,0,3,False,True,1.030528730349219,1.0169258719403047,1.0468644110588743,0.6916666666666667,tie,1.032173;1.016534;1.045387,tie;tie;tie,0,0,False,False,1.208681596939038,1.189171780104947,1.2226957733342583,0.9833333333333333,block_major_block_first,1.217429;1.202216;1.197230,block_major_block_first;block_major_block_first;block_major_block_first,3,0,True,False,2.2691483052328305,2.259292138474663,2.2908011442429235,1.0,block_major_block_first,2.294333;2.265047;2.258591,block_major_block_first;block_major_block_first;block_major_block_first,3,0,True,False,1.166792897249589,1.1473287149375724,1.1865079850700606,0.9583333333333334,block_major_block_first,1.163550;1.162309;1.166976,block_major_block_first;block_major_block_first;block_major_block_first,3,0,True,False,block_major_block_first
kv_byte_target,target56mib_b8_h4_s7168,kv_byte_target,mha4,4,4,64,8,7168,64,56,sequential_outer_loop,7340032,58720256,7340032,58720256,112,896,64,latin_square_cycle4,0;1;2,3,1,120,1.582169,1.6330975,2.617204,2.706279,1.5876975,1.6889092499999998,1.3128735,1.37313575,0.604208248424623,0.592886775995338,0.6145176981103132,0.0,head_major_head_first,0.605637;0.608164;0.600012,head_major_head_first;head_major_head_first;head_major_head_first,0,3,False,True,0.9952873682269772,0.9833699972676144,1.0088733332818673,0.48333333333333334,tie,0.993545;1.008658;0.984767,tie;tie;tie,0,0,False,False,1.2047775708275372,1.1751741268033833,1.2204113842617215,0.9916666666666667,block_major_block_first,1.218313;1.201440;1.207402,block_major_block_first;block_major_block_first;block_major_block_first,3,0,True,False,1.9769243644208863,1.9678715934741042,1.9907597991476482,1.0,block_major_block_first,1.972030;1.969752;1.989338,block_major_block_first;block_major_block_first;block_major_block_first,3,0,True,False,1.1994301325547072,1.1816847908985726,1.229335070428595,0.975,block_major_block_first,1.216662;1.185004;1.229732,block_major_block_first;block_major_block_first;block_major_block_first,3,0,True,False,block_major_block_first
kv_byte_target,target56mib_b8_h8_s3584,kv_byte_target,mha8,8,8,64,8,3584,64,56,sequential_outer_loop,7340032,58720256,7340032,58720256,56,448,64,latin_square_cycle4,0;1;2,3,1,120,1.5887145,1.65332255,2.3099365,2.3828021,2.097541,2.1824345,1.3115614999999998,1.3849660999999998,0.6889284792860251,0.6761185297517908,0.6983270018684752,0.0,head_major_head_first,0.689179;0.695149;0.684008,head_major_head_first;head_major_head_first;head_major_head_first,0,3,False,True,0.7571548683851296,0.7487723418685761,0.7635062407844306,0.0,head_major_head_first,0.766640;0.752258;0.752795,head_major_head_first;head_major_head_first;head_major_head_first,0,3,False,True,1.208155430575826,1.1841018521253655,1.225781788213527,1.0,block_major_block_first,1.215215;1.215828;1.187985,block_major_block_first;block_major_block_first;block_major_block_first,3,0,True,False,1.7515061920378128,1.7407249040613393,1.7576997895508075,1.0,block_major_block_first,1.758683;1.753279;1.732382,block_major_block_first;block_major_block_first;block_major_block_first,3,0,True,False,1.5926546971508289,1.5718410922486745,1.6178517681744744,1.0,block_major_block_first,1.574386;1.622163;1.589660,block_major_block_first;block_major_block_first;block_major_block_first,3,0,True,False,block_major_block_first
kv_byte_target,target72mib_b1_h16_s18432,kv_byte_target,mha16,16,16,64,1,18432,64,72,sequential_outer_loop,75497472,75497472,75497472,75497472,288,288,64,latin_square_cycle4,0;1;2,3,1,120,2.0624075,2.1234979,3.2615740000000004,4.0064319500000005,2.9577720000000003,3.0239741999999996,2.1006405,2.1381066,0.612649470077157,0.5909743480875634,0.6239194375818138,0.0,head_major_head_first,0.610539;0.608453;0.623762,head_major_head_first;head_major_head_first;head_major_head_first,0,3,False,True,0.6949593748646621,0.6727920047904214,0.7029495851751354,0.0,head_major_head_first,0.694959;0.698548;0.685805,head_major_head_first;head_major_head_first;head_major_head_first,0,3,False,True,0.9973474035712921,0.9830327119860229,1.0172967598360474,0.4666666666666667,tie,0.992776;1.016885;0.993749,tie;tie;tie,0,0,False,False,1.6865043485808773,1.6388068869869836,1.7125246922528503,1.0,block_major_block_first,1.651015;1.718408;1.651639,block_major_block_first;block_major_block_first;block_major_block_first,3,0,True,False,1.4188538869267848,1.409069581315438,1.4500546332937128,1.0,block_major_block_first,1.406142;1.466049;1.414406,block_major_block_first;block_major_block_first;block_major_block_first,3,0,True,False,head_major_head_first
kv_byte_target,target72mib_b1_h2_s147456,kv_byte_target,mha2,2,2,64,1,147456,64,72,sequential_outer_loop,75497472,75497472,75497472,75497472,2304,2304,64,latin_square_cycle4,0;1;2,3,1,120,2.037115,2.1048877,4.514347,4.6944529500000005,2.0017165,2.0572247,1.731459,1.83684655,0.4520700754970271,0.44610057890053567,0.4591964422501912,0.0,head_major_head_first,0.449797;0.453061;0.459793,head_major_head_first;head_major_head_first;head_major_head_first,0,3,False,True,1.0251547519331796,1.010691739513517,1.0343709315894818,0.6916666666666667,tie,1.015343;1.025192;1.031987,tie;tie;tie,0,0,False,False,1.175340727727177,1.1482821891187223,1.1915273944858416,0.9916666666666667,block_major_block_first,1.163329;1.180446;1.179714,block_major_block_first;block_major_block_first;block_major_block_first,3,0,True,False,2.601554401816264,2.590237911831922,2.617815066156224,1.0,block_major_block_first,2.594454;2.601554;2.615489,block_major_block_first;block_major_block_first;block_major_block_first,3,0,True,False,1.1536538146652635,1.1318704568002431,1.170725312967115,0.95,block_major_block_first,1.150024;1.143679;1.164316,block_major_block_first;block_major_block_first;block_major_block_first,3,0,True,False,block_major_block_first
kv_byte_target,target72mib_b1_h4_s73728,kv_byte_target,mha4,4,4,64,1,73728,64,72,sequential_outer_loop,75497472,75497472,75497472,75497472,1152,1152,64,latin_square_cycle4,0;1;2,3,1,120,2.0548915,2.10531605,4.3607265,4.5428033,2.07738,2.1882945,1.730253,1.8804262,0.46741861569819554,0.4624495914335769,0.47547874857463,0.0,head_major_head_first,0.473051;0.464848;0.467503,head_major_head_first;head_major_head_first;head_major_head_first,0,3,False,True,0.9886796275758163,0.9791939402398262,1.006248208923139,0.43333333333333335,tie,0.992939;0.968474;1.006360,tie;tie;tie,0,0,False,False,1.1821790349530361,1.163647272040949,1.195932980075595,0.95,block_major_block_first,1.185977;1.164797;1.193051,block_major_block_first;block_major_block_first;block_major_block_first,3,0,True,False,2.505492754377108,2.4954751025872355,2.5216900051930287,1.0,block_major_block_first,2.490639;2.501234;2.527752,block_major_block_first;block_major_block_first;block_major_block_first,3,0,True,False,1.200347641928639,1.1851843499703738,1.2144786183291845,0.95,block_major_block_first,1.206851;1.199442;1.194323,block_major_block_first;block_major_block_first;block_major_block_first,3,0,True,False,block_major_block_first
kv_byte_target,target72mib_b1_h8_s36864,kv_byte_target,mha8,8,8,64,1,36864,64,72,sequential_outer_loop,75497472,75497472,75497472,75497472,576,576,64,latin_square_cycle4,0;1;2,3,1,120,2.0606855,2.1105691500000003,4.0218605,4.35967725,2.7176445,2.8312247999999998,1.7479285,2.12606985,0.5120695461566214,0.5038944638440597,0.5169344121234128,0.0,head_major_head_first,0.494575;0.518214;0.516394,head_major_head_first;head_major_head_first;head_major_head_first,0,3,False,True,0.7524944784995983,0.7481623480869117,0.7566693095416928,0.0,head_major_head_first,0.754028;0.756079;0.746733,head_major_head_first;head_major_head_first;head_major_head_first,0,3,False,True,1.1645023754917705,1.121272015711521,1.1924961929446671,0.8083333333333333,tie,1.128840;1.212506;1.151326,tie;tie;tie,0,0,False,False,2.3314007945352513,2.272047779657324,2.3628862041932175,1.0,block_major_block_first,2.317429;2.370313;2.236551,block_major_block_first;block_major_block_first;block_major_block_first,3,0,True,False,1.5448377069169892,1.4963518786797492,1.5771495667861766,1.0,block_major_block_first,1.527919;1.580527;1.560940,block_major_block_first;block_major_block_first;block_major_block_first,3,0,True,False,head_major_head_first
kv_byte_target,target72mib_b2_h16_s9216,kv_byte_target,mha16,16,16,64,2,9216,64,72,sequential_outer_loop,37748736,75497472,37748736,75497472,144,288,64,latin_square_cycle4,0;1;2,3,1,120,2.0894085000000002,2.1334211000000005,3.4051460000000002,3.5452961500000004,2.9264645,3.0061716,1.7925815,2.1083905,0.606368268180662,0.5959159899037371,0.6180597537306309,0.0,head_major_head_first,0.608516;0.596165;0.614256,head_major_head_first;head_major_head_first;head_major_head_first,0,3,False,True,0.705024385268358,0.6962540649199433,0.7106042258197393,0.0,head_major_head_first,0.711986;0.706883;0.701081,head_major_head_first;head_major_head_first;head_major_head_first,0,3,False,True,1.1303167555494538,1.0899379854676488,1.1675897009966778,0.8666666666666667,block_major_block_first,1.167911;1.130317;1.059289,block_major_block_first;block_major_block_first;tie,2,0,True,False,1.904289667113206,1.883655453503839,1.9294572009707793,1.0,block_major_block_first,1.934982;1.923140;1.845315,block_major_block_first;block_major_block_first;block_major_block_first,3,0,True,False,1.6270922477578125,1.5823373457483174,1.6495331847798493,1.0,block_major_block_first,1.640533;1.636874;1.555161,block_major_block_first;block_major_block_first;block_major_block_first,3,0,True,False,block_major_block_first
kv_byte_target,target72mib_b2_h2_s73728,kv_byte_target,mha2,2,2,64,2,73728,64,72,sequential_outer_loop,37748736,75497472,37748736,75497472,1152,2304,64,latin_square_cycle4,0;1;2,3,1,120,2.0329485,2.10104555,4.382739,4.59663545,2.0175549999999998,2.0720491,1.74532,1.8551007,0.46390066816548514,0.455084655135184,0.4734668304973618,0.0,head_major_head_first,0.461838;0.467873;0.463901,head_major_head_first;head_major_head_first;head_major_head_first,0,3,False,True,1.0080768537038605,1.0026067263116347,1.0217451872881058,0.6083333333333333,tie,1.004474;1.008077;1.009634,tie;tie;tie,0,0,False,False,1.1627611805150249,1.1334043260156261,1.1840718448836574,0.9916666666666667,block_major_block_first,1.162761;1.146783;1.168182,block_major_block_first;block_major_block_first;block_major_block_first,3,0,True,False,2.505687035000812,2.482790897111422,2.524354500022303,1.0,block_major_block_first,2.505977;2.480365;2.525649,block_major_block_first;block_major_block_first;block_major_block_first,3,0,True,False,1.1460720888947549,1.129703545222094,1.1622881868151402,0.9583333333333334,block_major_block_first,1.139709;1.140813;1.151116,block_major_block_first;block_major_block_first;block_major_block_first,3,0,True,False,block_major_block_first
kv_byte_target,target72mib_b2_h4_s36864,kv_byte_target,mha4,4,4,64,2,36864,64,72,sequential_outer_loop,37748736,75497472,37748736,75497472,576,1152,64,latin_square_cycle4,0;1;2,3,1,120,2.0556929999999998,2.1094270500000003,4.0928629999999995,4.28610315,2.0935094999999997,2.177324,1.7457655,1.86223435,0.5004466795218435,0.49048699154503533,0.5073526272032269,0.0,head_major_head_first,0.495418;0.503558;0.498701,head_major_head_first;head_major_head_first;head_major_head_first,0,3,False,True,0.9802228540186884,0.9731242196505909,0.9884201372058681,0.35,tie,0.976294;1.003408;0.976576,tie;tie;tie,0,0,False,False,1.173401816683492,1.1406829042771727,1.1907612987207636,0.9916666666666667,block_major_block_first,1.169521;1.185585;1.156848,block_major_block_first;block_major_block_first;block_major_block_first,3,0,True,False,2.3565308160924685,2.334886228867859,2.3626727639474727,1.0,block_major_block_first,2.366284;2.358020;2.340406,block_major_block_first;block_major_block_first;block_major_block_first,3,0,True,False,1.1962634513929922,1.1659080139324616,1.2197850493427624,0.975,block_major_block_first,1.223967;1.173572;1.185849,block_major_block_first;block_major_block_first;block_major_block_first,3,0,True,False,block_major_block_first
kv_byte_target,target72mib_b2_h8_s18432,kv_byte_target,mha8,8,8,64,2,18432,64,72,sequential_outer_loop,37748736,75497472,37748736,75497472,288,576,64,latin_square_cycle4,0;1;2,3,1,120,2.090931,2.12065655,3.7916235,3.9325616,2.68067,2.82832895,1.767258,1.9916760499999997,0.548026862355558,0.5433799517463053,0.5552793152641746,0.0,head_major_head_first,0.545045;0.547502;0.552376,head_major_head_first;head_major_head_first;head_major_head_first,0,3,False,True,0.7651134988721228,0.7514866129608969,0.7760901398809467,0.0,head_major_head_first,0.759228;0.756535;0.778922,head_major_head_first;head_major_head_first;head_major_head_first,0,3,False,True,1.1586083733588062,1.1304101502711643,1.187116842037385,0.9416666666666667,block_major_block_first,1.154031;1.173941;1.135291,block_major_block_first;block_major_block_first;block_major_block_first,3,0,True,False,2.139312037047116,2.1279445802438355,2.1536803871126526,1.0,block_major_block_first,2.138597;2.138490;2.142799,block_major_block_first;block_major_block_first;block_major_block_first,3,0,True,False,1.5121380573795906,1.487181775555333,1.546103633033386,1.0,block_major_block_first,1.521934;1.539688;1.472110,block_major_block_first;block_major_block_first;block_major_block_first,3,0,True,False,block_major_block_first
kv_byte_target,target72mib_b4_h16_s4608,kv_byte_target,mha16,16,16,64,4,4608,64,72,sequential_outer_loop,18874368,75497472,18874368,75497472,72,288,64,latin_square_cycle4,0;1;2,3,1,120,2.0853080000000004,2.1568376000000002,3.1352349999999998,3.2226035,2.945564,3.00694195,1.792091,2.0996868500000003,0.6625915064036421,0.6498894989280064,0.6697969201372541,0.0,head_major_head_first,0.668413;0.645954;0.666062,head_major_head_first;head_major_head_first;head_major_head_first,0,3,False,True,0.7048020133230397,0.6953464597504867,0.7140073968452609,0.0,head_major_head_first,0.712174;0.686248;0.705462,head_major_head_first;head_major_head_first;head_major_head_first,0,3,False,True,1.1450264506680485,1.101111040234921,1.1735244018514193,0.9,block_major_block_first,1.170040;1.145169;1.127461,block_major_block_first;block_major_block_first;block_major_block_first,3,0,True,False,1.7459540312542785,1.728987025366082,1.7607396358653287,1.0,block_major_block_first,1.755684;1.754879;1.728001,block_major_block_first;block_major_block_first;block_major_block_first,3,0,True,False,1.6408372889901235,1.5992016849373503,1.658763092286051,1.0,block_major_block_first,1.643388;1.656037;1.579767,block_major_block_first;block_major_block_first;block_major_block_first,3,0,True,False,block_major_block_first
kv_byte_target,target72mib_b4_h2_s36864,kv_byte_target,mha2,2,2,64,4,36864,64,72,sequential_outer_loop,18874368,75497472,18874368,75497472,576,2304,64,latin_square_cycle4,0;1;2,3,1,120,2.045894,2.10075405,4.2458085,4.386017549999999,2.0074745,2.06974685,1.7520065,1.8675575500000001,0.48253513460498887,0.4759298170188452,0.4892323008831324,0.0,head_major_head_first,0.478856;0.477604;0.488164,head_major_head_first;head_major_head_first;head_major_head_first,0,3,False,True,1.0147799943240616,1.0065352178867182,1.0244789058107104,0.6583333333333333,tie,1.004551;1.001972;1.058248,tie;tie;head_major_block_first,1,0,False,False,1.1562636407350695,1.1335374371992155,1.181656385807963,0.975,block_major_block_first,1.164244;1.137206;1.174455,block_major_block_first;block_major_block_first;block_major_block_first,3,0,True,False,2.381155411714591,2.3694566670465136,2.403299739044272,1.0,block_major_block_first,2.422494;2.374245;2.376487,block_major_block_first;block_major_block_first;block_major_block_first,3,0,True,False,1.1232710775908692,1.113608756125124,1.1605429192030945,0.9416666666666667,block_major_block_first,1.161371;1.122475;1.118090,block_major_block_first;block_major_block_first;block_major_block_first,3,0,True,False,block_major_block_first
kv_byte_target,target72mib_b4_h4_s18432,kv_byte_target,mha4,4,4,64,4,18432,64,72,sequential_outer_loop,18874368,75497472,18874368,75497472,288,1152,64,latin_square_cycle4,0;1;2,3,1,120,2.0564245,2.1145891,3.822105,3.962617,2.101486,2.1795305,1.7735375,2.08551055,0.5386139173709592,0.5296722665116433,0.5445810484950221,0.0,head_major_head_first,0.547095;0.530428;0.539357,head_major_head_first;head_major_head_first;head_major_head_first,0,3,False,True,0.9817619730381852,0.9716299655497586,0.9955049117742458,0.375,tie,1.001693;0.971325;0.965111,tie;tie;tie,0,0,False,False,1.1497480472145543,1.125406225035984,1.170103997392658,0.9,block_major_block_first,1.177176;1.128460;1.149764,block_major_block_first;block_major_block_first;block_major_block_first,3,0,True,False,2.1582662561362502,2.143069723539513,2.18134792975288,1.0,block_major_block_first,2.174915;2.139485;2.171363,block_major_block_first;block_major_block_first;block_major_block_first,3,0,True,False,1.1743277601195525,1.1563282743908414,1.2049012599627502,0.9416666666666667,block_major_block_first,1.163975;1.179439;1.179525,block_major_block_first;block_major_block_first;block_major_block_first,3,0,True,False,block_major_block_first
kv_byte_target,target72mib_b4_h8_s9216,kv_byte_target,mha8,8,8,64,4,9216,64,72,sequential_outer_loop,18874368,75497472,18874368,75497472,144,576,64,latin_square_cycle4,0;1;2,3,1,120,2.0716665,2.1288096000000003,3.43713,3.57146575,2.7208265000000003,2.8378936,1.772781,2.1342996000000003,0.5985103550708506,0.5916447352522506,0.6082283549188768,0.0,head_major_head_first,0.596660;0.597273;0.603307,head_major_head_first;head_major_head_first;head_major_head_first,0,3,False,True,0.7520283708953079,0.741824129832995,0.7576775511231452,0.0,head_major_head_first,0.749249;0.759099;0.742284,head_major_head_first;head_major_head_first;head_major_head_first,0,3,False,True,1.1342752014781678,1.1124887408558914,1.1829079832263352,0.875,tie,1.133025;1.174659;1.126494,block_major_block_first;block_major_block_first;tie,2,0,False,False,1.9427454117610496,1.9265441852883654,1.9764115552900754,1.0,block_major_block_first,1.937244;1.942431;1.960126,block_major_block_first;block_major_block_first;block_major_block_first,3,0,True,False,1.5163247113287452,1.492997972107283,1.5461491309478799,1.0,block_major_block_first,1.502836;1.525688;1.515435,block_major_block_first;block_major_block_first;block_major_block_first,3,0,True,False,head_major_head_first
kv_byte_target,target72mib_b8_h16_s2304,kv_byte_target,mha16,16,16,64,8,2304,64,72,sequential_outer_loop,9437184,75497472,9437184,75497472,36,288,64,latin_square_cycle4,0;1;2,3,1,120,2.0030479999999997,2.1080399499999998,2.9819285,3.08815895,2.885719,2.96525055,1.8002280000000002,1.91737405,0.6676616876209436,0.6555975163587553,0.679878070015378,0.0,head_major_head_first,0.670817;0.661543;0.671097,head_major_head_first;head_major_head_first;head_major_head_first,0,3,False,True,0.6945359260853232,0.6882719213002652,0.6991639075356878,0.0,head_major_head_first,0.699664;0.690502;0.696845,head_major_head_first;head_major_head_first;head_major_head_first,0,3,False,True,1.1192057314854797,1.0932476364986647,1.1412228057014255,0.925,block_major_block_first,1.113791;1.111556;1.136527,block_major_block_first;block_major_block_first;block_major_block_first,3,0,True,False,1.6559357589584396,1.644690485746114,1.671347473301798,1.0,block_major_block_first,1.633858;1.659058;1.660741,block_major_block_first;block_major_block_first;block_major_block_first,3,0,True,False,1.6033094370531824,1.5780526052274566,1.6317768629047074,1.0,block_major_block_first,1.592979;1.591846;1.638758,block_major_block_first;block_major_block_first;block_major_block_first,3,0,True,False,block_major_block_first
kv_byte_target,target72mib_b8_h2_s18432,kv_byte_target,mha2,2,2,64,8,18432,64,72,sequential_outer_loop,9437184,75497472,9437184,75497472,288,2304,64,latin_square_cycle4,0;1;2,3,1,120,2.06297,2.1078891,4.0560725,4.21701825,2.0173345,2.0779951,1.7475975,1.9999817,0.5062607650981839,0.49553742762923186,0.5159824697784743,0.0,head_major_head_first,0.507414;0.508806;0.504371,head_major_head_first;head_major_head_first;head_major_head_first,0,3,False,True,1.0192655374841137,1.011968272612993,1.0264579031897485,0.7,tie,1.020995;1.047357;1.008765,tie;tie;tie,0,0,False,False,1.1761420701446301,1.1298257324091172,1.190904358443544,0.9583333333333334,block_major_block_first,1.162089;1.181331;1.176292,block_major_block_first;block_major_block_first;block_major_block_first,3,0,True,False,2.3368134959352442,2.291554120597169,2.348409995704685,1.0,block_major_block_first,2.293062;2.355268;2.340837,block_major_block_first;block_major_block_first;block_major_block_first,3,0,True,False,1.1468908920101204,1.1024237476487815,1.1705551466506177,0.9083333333333333,block_major_block_first,1.125239;1.133471;1.163583,block_major_block_first;block_major_block_first;block_major_block_first,3,0,True,False,block_major_block_first
kv_byte_target,target72mib_b8_h4_s9216,kv_byte_target,mha4,4,4,64,8,9216,64,72,sequential_outer_loop,9437184,75497472,9437184,75497472,144,1152,64,latin_square_cycle4,0;1;2,3,1,120,2.0514015,2.1261231,3.567872,3.6902291500000004,2.118643,2.1999254500000003,1.7642734999999998,2.050758,0.5733751714362231,0.5672960647203301,0.5862503245729869,0.0,head_major_head_first,0.571377;0.573215;0.574004,head_major_head_first;head_major_head_first;head_major_head_first,0,3,False,True,0.9792876446463498,0.9654996521922328,0.9945130341303572,0.3416666666666667,tie,0.992292;0.981218;0.970915,tie;tie;tie,0,0,False,False,1.1611810234321345,1.1284127432777569,1.183118783618987,0.9,block_major_block_first,1.168945;1.152123;1.139747,block_major_block_first;block_major_block_first;block_major_block_first,3,0,True,False,2.0110893917225505,2.001751741975977,2.039912072434146,1.0,block_major_block_first,2.022301;2.017820;2.001505,block_major_block_first;block_major_block_first;block_major_block_first,3,0,True,False,1.1850327499117368,1.1443041879689073,1.211124905503177,0.875,block_major_block_first,1.176713;1.204457;1.176960,block_major_block_first;block_major_block_first;block_major_block_first,3,0,True,False,block_major_block_first
kv_byte_target,target72mib_b8_h8_s4608,kv_byte_target,mha8,8,8,64,8,4608,64,72,sequential_outer_loop,9437184,75497472,9437184,75497472,72,576,64,latin_square_cycle4,0;1;2,3,1,120,2.0945210000000003,2.1448826000000003,3.1436075,3.250283,2.7274605,2.83455315,1.7919805,2.1344335500000002,0.6603094335295693,0.6518943578778701,0.6709343261741608,0.0,head_major_head_first,0.656766;0.660692;0.665102,head_major_head_first;head_major_head_first;head_major_head_first,0,3,False,True,0.761398978095294,0.7551351880550211,0.7694017071813756,0.0,head_major_head_first,0.762328;0.759923;0.765282,head_major_head_first;head_major_head_first;head_major_head_first,0,3,False,True,1.1411355760159918,1.1107076086877734,1.1779608781774327,0.8416666666666667,block_major_block_first,1.154248;1.186851;1.097818,tie;block_major_block_first;tie,1,0,False,False,1.7519212965610405,1.7353807365988496,1.7720691152922752,1.0,block_major_block_first,1.756040;1.775188;1.699004,block_major_block_first;block_major_block_first;block_major_block_first,3,0,True,False,1.502201325394963,1.4676472753721486,1.5417036816014864,1.0,block_major_block_first,1.535362;1.555099;1.411793,block_major_block_first;block_major_block_first;block_major_block_first,3,0,True,False,head_major_head_first
kv_byte_target,target80mib_b1_h16_s20480,kv_byte_target,mha16,16,16,64,1,20480,64,80,sequential_outer_loop,83886080,83886080,83886080,83886080,320,320,64,latin_square_cycle4,0;1;2,3,1,120,2.3262264999999998,2.35693565,3.6260155000000003,4.48451785,3.267503,3.3362713,2.3395515,2.3681399499999998,0.6260321439848844,0.6093094536831787,0.6438517102851711,0.0,head_major_head_first,0.609521;0.623846;0.639383,head_major_head_first;head_major_head_first;head_major_head_first,0,3,False,True,0.7095685036548001,0.7053453766771596,0.713893559825344,0.0,head_major_head_first,0.718340;0.703018;0.709052,head_major_head_first;head_major_head_first;head_major_head_first,0,3,False,True,0.9977889057273057,0.9901499424857313,1.0046948750025524,0.475,tie,1.002378;0.994632;0.995847,tie;tie;tie,0,0,False,False,1.6614201611562698,1.5913295433717003,1.6867993383117585,1.0,block_major_block_first,1.695555;1.619071;1.604902,block_major_block_first;block_major_block_first;block_major_block_first,3,0,True,False,1.403748174986484,1.394930908886992,1.4154582270663774,1.0,block_major_block_first,1.400816;1.400285;1.407930,block_major_block_first;block_major_block_first;block_major_block_first,3,0,True,False,head_major_head_first
kv_byte_target,target80mib_b1_h2_s163840,kv_byte_target,mha2,2,2,64,1,163840,64,80,sequential_outer_loop,83886080,83886080,83886080,83886080,2560,2560,64,latin_square_cycle4,0;1;2,3,1,120,2.2771815,2.3324850500000003,5.141463,5.28856855,2.2349335000000004,2.2939670000000003,1.968286,2.1105487999999997,0.44275581955349824,0.4373958453170225,0.44701058944713645,0.0,head_major_head_first,0.442896;0.441731;0.444913,head_major_head_first;head_major_head_first;head_major_head_first,0,3,False,True,1.0228412407764371,1.0140711886724252,1.0338838368815229,0.6666666666666666,tie,1.020298;1.010542;1.034308,tie;tie;tie,0,0,False,False,1.154061092488115,1.1340727845476741,1.169724784932535,0.9666666666666667,block_major_block_first,1.152861;1.125493;1.164039,block_major_block_first;block_major_block_first;block_major_block_first,3,0,True,False,2.594487919206354,2.5703179466480752,2.618187745809342,1.0,block_major_block_first,2.593334;2.601434;2.578972,block_major_block_first;block_major_block_first;block_major_block_first,3,0,True,False,1.1290127488560349,1.1072956215678926,1.15204021289178,0.925,block_major_block_first,1.139542;1.132687;1.111871,block_major_block_first;block_major_block_first;block_major_block_first,3,0,True,False,block_major_block_first
kv_byte_target,target80mib_b1_h4_s81920,kv_byte_target,mha4,4,4,64,1,81920,64,80,sequential_outer_loop,83886080,83886080,83886080,83886080,1280,1280,64,latin_square_cycle4,0;1;2,3,1,120,2.3122495,2.3494947500000003,4.933949999999999,5.1491456,2.3096505,2.41137795,1.9741655,2.1425915499999997,0.4636918156747071,0.4536543790299823,0.47216392857128325,0.0,head_major_head_first,0.463880;0.459442;0.466932,head_major_head_first;head_major_head_first;head_major_head_first,0,3,False,True,0.9948666270272706,0.9861378561794569,1.002602803090467,0.45,tie,0.994957;0.996854;0.992485,tie;tie;tie,0,0,False,False,1.1698098126019931,1.1400245751764069,1.1808874363775925,0.9416666666666667,block_major_block_first,1.181427;1.168283;1.161557,block_major_block_first;block_major_block_first;block_major_block_first,3,0,True,False,2.509410838722399,2.491008194593793,2.5440965847522334,1.0,block_major_block_first,2.542064;2.526123;2.487010,block_major_block_first;block_major_block_first;block_major_block_first,3,0,True,False,1.1712973529748796,1.1457785373123908,1.1925066112922533,0.9166666666666666,block_major_block_first,1.186514;1.164310;1.161710,block_major_block_first;block_major_block_first;block_major_block_first,3,0,True,False,block_major_block_first
kv_byte_target,target80mib_b1_h8_s40960,kv_byte_target,mha8,8,8,64,1,40960,64,80,sequential_outer_loop,83886080,83886080,83886080,83886080,640,640,64,latin_square_cycle4,0;1;2,3,1,120,2.3198109999999996,2.348599,4.594869,4.930117050000001,3.0209075,3.1457254,2.0977864999999998,2.37638775,0.5045417775465982,0.5002694435455788,0.5077754246726871,0.0,head_major_head_first,0.501226;0.497931;0.532352,head_major_head_first;head_major_head_first;head_major_head_first,0,3,False,True,0.758083022898131,0.751076055852683,0.7657412240272299,0.0,head_major_head_first,0.755368;0.748292;0.766562,head_major_head_first;head_major_head_first;head_major_head_first,0,3,False,True,1.0735614618148923,1.0120239412274208,1.0908639560007942,0.6416666666666667,tie,1.107275;1.092576;0.995464,block_major_block_first;tie;tie,1,0,False,False,2.2311320315828977,2.1384336411131692,2.2969500373446747,1.0,block_major_block_first,2.341244;2.307462;1.901900,block_major_block_first;block_major_block_first;block_major_block_first,3,0,True,False,1.4260286405349856,1.3396733640787066,1.468514865932757,1.0,block_major_block_first,1.498416;1.475766;1.285626,block_major_block_first;block_major_block_first;block_major_block_first,3,0,True,False,head_major_head_first
kv_byte_target,target80mib_b2_h16_s10240,kv_byte_target,mha16,16,16,64,2,10240,64,80,sequential_outer_loop,41943040,83886080,41943040,83886080,160,320,64,latin_square_cycle4,0;1;2,3,1,120,2.32181,2.3705346,3.8823555,4.0205613499999995,3.2634965,3.33664955,2.1401005,2.36844,0.5984669938485518,0.5902550168025888,0.6061288052560552,0.0,head_major_head_first,0.597664;0.588626;0.618853,head_major_head_first;head_major_head_first;head_major_head_first,0,3,False,True,0.7040713718521888,0.6968308709493102,0.7106595361496559,0.0,head_major_head_first,0.717094;0.696814;0.700006,head_major_head_first;head_major_head_first;head_major_head_first,0,3,False,True,1.0467315578984975,1.025976444646409,1.061738474250258,0.6833333333333333,tie,1.072902;1.047269;1.034387,block_major_block_first;tie;tie,1,0,False,False,1.825635640538767,1.767623226757924,1.8759067554610884,1.0,block_major_block_first,1.884283;1.856110;1.660659,block_major_block_first;block_major_block_first;block_major_block_first,3,0,True,False,1.502119279809018,1.4787524095033178,1.5384894640669564,1.0,block_major_block_first,1.526177;1.501630;1.478370,block_major_block_first;block_major_block_first;block_major_block_first,3,0,True,False,head_major_head_first
kv_byte_target,target80mib_b2_h2_s81920,kv_byte_target,mha2,2,2,64,2,81920,64,80,sequential_outer_loop,41943040,83886080,41943040,83886080,1280,2560,64,latin_square_cycle4,0;1;2,3,1,120,2.2766960000000003,2.33574165,4.9880425,5.2266867999999995,2.2498305,2.3010390000000003,1.977846,2.08929815,0.45322321620394873,0.44596043984988254,0.4610309500677653,0.0,head_major_head_first,0.450541;0.455549;0.455125,head_major_head_first;head_major_head_first;head_major_head_first,0,3,False,True,1.0139912916548233,1.0077562622192793,1.0266153869187324,0.65,tie,1.024128;1.019442;1.009207,tie;tie;tie,0,0,False,False,1.148573538705031,1.123873945660626,1.1659305525885153,0.9833333333333333,block_major_block_first,1.165104;1.141503;1.148574,block_major_block_first;block_major_block_first;block_major_block_first,3,0,True,False,2.5313953267355243,2.515660296910733,2.547919438282908,1.0,block_major_block_first,2.563024;2.516890;2.524406,block_major_block_first;block_major_block_first;block_major_block_first,3,0,True,False,1.138878039918294,1.103025906630616,1.1506930914048221,0.9583333333333334,block_major_block_first,1.138193;1.124379;1.147908,block_major_block_first;block_major_block_first;block_major_block_first,3,0,True,False,block_major_block_first
kv_byte_target,target80mib_b2_h4_s40960,kv_byte_target,mha4,4,4,64,2,40960,64,80,sequential_outer_loop,41943040,83886080,41943040,83886080,640,1280,64,latin_square_cycle4,0;1;2,3,1,120,2.289821,2.34592175,4.676041,4.850791650000001,2.350912,2.423474,2.005582,2.34885215,0.4902383067662055,0.48507506999479866,0.4961110883739079,0.0,head_major_head_first,0.491818;0.485836;0.496025,head_major_head_first;head_major_head_first;head_major_head_first,0,3,False,True,0.9747104171585859,0.967453728756507,0.9851571096499501,0.3,tie,0.978713;0.966049;0.987451,tie;tie;tie,0,0,False,False,1.125285710621078,1.1066299883578186,1.1476416429870135,0.8666666666666667,tie,1.111072;1.132076;1.132214,tie;block_major_block_first;block_major_block_first,2,0,False,False,2.3410010170050057,2.3214366486940206,2.3545988678773275,1.0,block_major_block_first,2.292172;2.361791;2.340851,block_major_block_first;block_major_block_first;block_major_block_first,3,0,True,False,1.139442079730932,1.1154429230964913,1.178825940331981,0.9083333333333333,block_major_block_first,1.098150;1.185893;1.122857,block_major_block_first;block_major_block_first;block_major_block_first,3,0,True,False,head_major_head_first
kv_byte_target,target80mib_b2_h8_s20480,kv_byte_target,mha8,8,8,64,2,20480,64,80,sequential_outer_loop,41943040,83886080,41943040,83886080,320,640,64,latin_square_cycle4,0;1;2,3,1,120,2.3252835000000003,2.3631522499999997,4.2904405,4.4673966,3.0404055000000003,3.1678346,2.0398035,2.3789736500000003,0.5408913515917186,0.5327927458127255,0.5462820960424799,0.0,head_major_head_first,0.533758;0.542149;0.548308,head_major_head_first;head_major_head_first;head_major_head_first,0,3,False,True,0.7554796342977979,0.7479079500777706,0.7593138486763495,0.0,head_major_head_first,0.758455;0.746982;0.753184,head_major_head_first;head_major_head_first;head_major_head_first,0,3,False,True,1.0920061731751778,1.06523779161083,1.1309107889995076,0.8083333333333333,tie,1.128998;1.111864;1.059083,tie;tie;tie,0,0,False,False,2.1444181508069065,2.0921108154828447,2.1635352405056367,1.0,block_major_block_first,2.146112;2.170976;2.087803,block_major_block_first;block_major_block_first;block_major_block_first,3,0,True,False,1.4520388572115457,1.4235859912787288,1.4905648640145501,1.0,block_major_block_first,1.460404;1.501912;1.426818,block_major_block_first;block_major_block_first;block_major_block_first,3,0,True,False,head_major_head_first
kv_byte_target,target80mib_b4_h16_s5120,kv_byte_target,mha16,16,16,64,4,5120,64,80,sequential_outer_loop,20971520,83886080,20971520,83886080,80,320,64,latin_square_cycle4,0;1;2,3,1,120,2.3482589999999997,2.38370955,3.562734,3.67132815,3.2763415,3.3430522,2.0950815,2.36507,0.652028494361719,0.6301370167285962,0.6609351423467437,0.0,head_major_head_first,0.628194;0.636071;0.667301,head_major_head_first;head_major_head_first;head_major_head_first,0,3,False,True,0.7070946591389453,0.6985474905403297,0.7161251951032969,0.0,head_major_head_first,0.698726;0.702860;0.718303,head_major_head_first;head_major_head_first;head_major_head_first,0,3,False,True,1.0583540827873184,1.0245339326082972,1.0909306848092881,0.7,tie,1.045474;1.065562;1.038607,tie;tie;tie,0,0,False,False,1.7176061816509511,1.672707774047257,1.7329608904030391,1.0,block_major_block_first,1.714627;1.743020;1.660968,block_major_block_first;block_major_block_first;block_major_block_first,3,0,True,False,1.5320652706555755,1.5028951297452324,1.5836639675008324,1.0,block_major_block_first,1.516023;1.624474;1.478459,block_major_block_first;block_major_block_first;block_major_block_first,3,0,True,False,head_major_head_first
kv_byte_target,target80mib_b4_h2_s40960,kv_byte_target,mha2,2,2,64,4,40960,64,80,sequential_outer_loop,20971520,83886080,20971520,83886080,640,2560,64,latin_square_cycle4,0;1;2,3,1,120,2.286025,2.3396311,4.8138805,4.980076700000001,2.2612625,2.31531755,1.994987,2.2834496,0.47591717309196446,0.47035553712625916,0.48058878055884413,0.0,head_major_head_first,0.471991;0.477620;0.477268,head_major_head_first;head_major_head_first;head_major_head_first,0,3,False,True,1.0124268339079467,1.0060832801978739,1.0211400312382823,0.6166666666666667,tie,0.999460;1.014456;1.022388,tie;tie;tie,0,0,False,False,1.1325467940230247,1.113605949267864,1.1523342370135876,0.9166666666666666,block_major_block_first,1.140222;1.148845;1.102205,block_major_block_first;block_major_block_first;block_major_block_first,3,0,True,False,2.3988442750828147,2.375341421678386,2.4299754387431647,1.0,block_major_block_first,2.438172;2.384746;2.378375,block_major_block_first;block_major_block_first;block_major_block_first,3,0,True,False,1.1213302323677254,1.087662818253484,1.1468421880764583,0.8583333333333333,block_major_block_first,1.149269;1.122070;1.070433,block_major_block_first;block_major_block_first;tie,2,0,True,False,block_major_block_first
kv_byte_target,target80mib_b4_h4_s20480,kv_byte_target,mha4,4,4,64,4,20480,64,80,sequential_outer_loop,20971520,83886080,20971520,83886080,320,1280,64,latin_square_cycle4,0;1;2,3,1,120,2.323887,2.3522010499999997,4.333895500000001,4.5201916,2.360152,2.4317185500000003,2.0380915,2.3673791499999997,0.536366261834755,0.5244277436723228,0.5401516309335268,0.0,head_major_head_first,0.538184;0.536366;0.532781,head_major_head_first;head_major_head_first;head_major_head_first,0,3,False,True,0.980114578688067,0.9756543944450565,0.9892029956153394,0.30833333333333335,tie,0.975888;0.993572;0.978428,tie;tie;tie,0,0,False,False,1.0903981761257877,1.052533597583901,1.12846269838784,0.8,tie,1.071952;1.130965;1.052620,tie;block_major_block_first;tie,1,0,False,False,2.1513799354890137,2.1020756693708407,2.1811805325525335,1.0,block_major_block_first,2.157443;2.175853;2.072279,block_major_block_first;block_major_block_first;block_major_block_first,3,0,True,False,1.1123647673801222,1.0660123089304434,1.1465908813177386,0.875,block_major_block_first,1.093032;1.160214;1.058955,block_major_block_first;block_major_block_first;block_major_block_first,3,0,True,False,head_major_head_first
kv_byte_target,target80mib_b4_h8_s10240,kv_byte_target,mha8,8,8,64,4,10240,64,80,sequential_outer_loop,20971520,83886080,20971520,83886080,160,640,64,latin_square_cycle4,0;1;2,3,1,120,2.330958,2.3740965,3.9513285,4.0854078,3.04588,3.16685905,2.0877255,2.3730111,0.5868527533438341,0.5815420260672739,0.5927996517670817,0.0,head_major_head_first,0.586604;0.581958;0.589132,head_major_head_first;head_major_head_first;head_major_head_first,0,3,False,True,0.750411740398498,0.7439126965104546,0.7589130124710102,0.0,head_major_head_first,0.761467;0.741353;0.749291,head_major_head_first;head_major_head_first;head_major_head_first,0,3,False,True,1.0775544518695084,1.0498417447756452,1.1047406294910227,0.8,block_major_block_first,1.134466;1.091068;1.025177,block_major_block_first;tie;tie,1,0,False,False,1.9077227137684356,1.8710082767973826,1.9645060577527738,1.0,block_major_block_first,1.971358;1.973810;1.702725,block_major_block_first;block_major_block_first;block_major_block_first,3,0,True,False,1.4290029583648973,1.396155014227308,1.4616710541286715,1.0,block_major_block_first,1.477055;1.512343;1.349184,block_major_block_first;block_major_block_first;block_major_block_first,3,0,True,False,head_major_head_first
kv_byte_target,target80mib_b8_h16_s2560,kv_byte_target,mha16,16,16,64,8,2560,64,80,sequential_outer_loop,10485760,83886080,10485760,83886080,40,320,64,latin_square_cycle4,0;1;2,3,1,120,2.261392,2.3747377000000003,3.3625775000000004,3.4916964999999998,3.24221,3.3313146999999996,2.0117965,2.1545924,0.6688532248154244,0.6569811848093474,0.6842422746011176,0.0,head_major_head_first,0.666497;0.669196;0.673739,head_major_head_first;head_major_head_first;head_major_head_first,0,3,False,True,0.7003730361069019,0.6894939848914636,0.704892409618766,0.0,head_major_head_first,0.693841;0.694085;0.707216,head_major_head_first;head_major_head_first;head_major_head_first,0,3,False,True,1.130998774705845,1.1049529334941801,1.1537971143347752,0.9333333333333333,block_major_block_first,1.140748;1.123708;1.159735,block_major_block_first;block_major_block_first;block_major_block_first,3,0,True,False,1.6822964194111907,1.6682023608891705,1.6926381271546016,1.0,block_major_block_first,1.697597;1.663712;1.685781,block_major_block_first;block_major_block_first;block_major_block_first,3,0,True,False,1.6166210409680928,1.6031847428250234,1.6381969975426456,1.0,block_major_block_first,1.619269;1.608651;1.617343,block_major_block_first;block_major_block_first;block_major_block_first,3,0,True,False,block_major_block_first
kv_byte_target,target80mib_b8_h2_s20480,kv_byte_target,mha2,2,2,64,8,20480,64,80,sequential_outer_loop,10485760,83886080,10485760,83886080,320,2560,64,latin_square_cycle4,0;1;2,3,1,120,2.3169459999999997,2.3496330999999997,4.65252,4.81756675,2.2807115,2.3219509499999997,2.0422475,2.3517496,0.4966781560168557,0.48803853160476224,0.5019370282654003,0.0,head_major_head_first,0.495494;0.491501;0.498078,head_major_head_first;head_major_head_first;head_major_head_first,0,3,False,True,1.020484103296298,1.0131345787565633,1.0233131063900085,0.7333333333333333,tie,1.018299;1.027981;1.010626,tie;tie;tie,0,0,False,False,1.0862408952473346,1.0563474953037588,1.1242276765066244,0.775,tie,1.115700;1.083883;1.081278,block_major_block_first;tie;tie,1,0,False,False,2.2556180896344586,2.206751779073161,2.2894398251374293,1.0,block_major_block_first,2.287584;2.257916;2.235313,block_major_block_first;block_major_block_first;block_major_block_first,3,0,True,False,1.0598423889356696,1.04018915065498,1.0965303415965395,0.675,tie,1.083643;1.056407;1.060574,tie;tie;tie,0,0,False,False,head_major_head_first
kv_byte_target,target80mib_b8_h4_s10240,kv_byte_target,mha4,4,4,64,8,10240,64,80,sequential_outer_loop,10485760,83886080,10485760,83886080,160,1280,64,latin_square_cycle4,0;1;2,3,1,120,2.315985,2.35569645,4.0641095,4.18579725,2.3676225,2.4346294,2.1006004999999996,2.3745616,0.5680112139454956,0.55731877885394,0.5726493331072189,0.0,head_major_head_first,0.560132;0.569263;0.571603,head_major_head_first;head_major_head_first;head_major_head_first,0,3,False,True,0.9752499452893395,0.966364447166327,0.9800902755939754,0.225,tie,0.970131;0.977109;0.979386,tie;tie;tie,0,0,False,False,1.0695847465447579,1.023167551101616,1.0974453191086,0.75,tie,1.039733;1.081954;1.064082,tie;tie;tie,0,0,False,False,1.955846089557539,1.9284386527176776,2.008189890919965,1.0,block_major_block_first,1.951465;1.983941;1.950994,block_major_block_first;block_major_block_first;block_major_block_first,3,0,True,False,1.0943753400119944,1.0585254153115442,1.122891935223579,0.9,block_major_block_first,1.073929;1.107318;1.095622,block_major_block_first;block_major_block_first;block_major_block_first,3,0,True,False,head_major_head_first
kv_byte_target,target80mib_b8_h8_s5120,kv_byte_target,mha8,8,8,64,8,5120,64,80,sequential_outer_loop,10485760,83886080,10485760,83886080,80,640,64,latin_square_cycle4,0;1;2,3,1,120,2.338139,2.38083555,3.6182975,3.7184421500000004,3.0373775,3.1403567,2.127261,2.3751041,0.6461231855087299,0.6369796233392743,0.6502508157013939,0.0,head_major_head_first,0.640794;0.646539;0.648920,head_major_head_first;head_major_head_first;head_major_head_first,0,3,False,True,0.7607726382626918,0.7538304770176284,0.7668303084350728,0.0,head_major_head_first,0.760773;0.759239;0.762323,head_major_head_first;head_major_head_first;head_major_head_first,0,3,False,True,1.0477700581561697,1.0282658792847819,1.071485478374646,0.6916666666666667,tie,1.044312;1.132166;1.008439,tie;block_major_block_first;tie,1,0,False,False,1.7071737103227873,1.620644078928646,1.7550972209920195,1.0,block_major_block_first,1.701990;1.773718;1.576630,block_major_block_first;block_major_block_first;block_major_block_first,3,0,True,False,1.4006068606945936,1.367293923786277,1.4312563510997662,1.0,block_major_block_first,1.421524;1.481223;1.355420,block_major_block_first;block_major_block_first;block_major_block_first,3,0,True,False,head_major_head_first
mha2_transition,mha2_b4_s10240,mha2_transition,mha2,2,2,64,4,10240,64,20,sequential_outer_loop,5242880,20971520,5242880,20971520,160,640,64,latin_square_cycle4,0;1;2,3,1,120,0.444985,0.46507499999999996,0.8578135,0.90699335,0.42793000000000003,0.44975395,0.43417,0.45614605,0.5243555471314878,0.5144095028698428,0.5450572306826751,0.0,head_major_head_first,0.523975;0.529082;0.512438,head_major_head_first;head_major_head_first;head_major_head_first,0,3,False,True,1.0393835806337832,1.037570132597775,1.0402012113323988,0.9,tie,1.039617;1.039565;1.039102,tie;tie;tie,0,0,False,False,1.0250566444717544,1.0186458671965044,1.0300968021710544,0.875,tie,1.022728;1.031831;1.022210,tie;tie;tie,0,0,False,False,1.943111368437656,1.900548245614035,1.9860833022641387,1.0,block_major_block_first,1.934704;1.948267;1.967174,block_major_block_first;block_major_block_first;block_major_block_first,3,0,True,False,0.9888499505518624,0.9822982410581196,0.9916567166497648,0.31666666666666665,tie,0.989176;0.992036;0.985380,tie;tie;tie,0,0,False,False,head_major_head_first
mha2_transition,mha2_b4_s12288,mha2_transition,mha2,2,2,64,4,12288,64,24,sequential_outer_loop,6291456,25165824,6291456,25165824,192,768,64,latin_square_cycle4,0;1;2,3,1,120,0.5460935,0.5735801,1.1039729999999999,1.19276235,0.521636,0.54509255,0.531285,0.5570455000000001,0.4956881374840346,0.48433726343577765,0.5086329441751483,0.0,head_major_head_first,0.519795;0.483824;0.488705,head_major_head_first;head_major_head_first;head_major_head_first,0,3,False,True,1.0479069843666438,1.0441475097270234,1.0500946639573807,0.9583333333333334,tie,1.051917;1.044311;1.047366,head_major_block_first;tie;tie,1,0,False,False,1.0296576500467993,1.0216909666558798,1.036742981031428,0.8916666666666667,tie,1.037841;1.026653;1.021849,tie;tie;tie,0,0,False,False,2.060690806356536,2.0290178119208955,2.103723368389417,1.0,block_major_block_first,1.992560;2.065117;2.109241,block_major_block_first;block_major_block_first;block_major_block_first,3,0,True,False,0.9806365751325316,0.9756287333090852,0.9909878610456131,0.3333333333333333,tie,0.982088;0.980534;0.982747,tie;tie;tie,0,0,False,False,head_major_head_first
mha2_transition,mha2_b4_s14336,mha2_transition,mha2,2,2,64,4,14336,64,28,sequential_outer_loop,7340032,29360128,7340032,29360128,224,896,64,latin_square_cycle4,0;1;2,3,1,120,0.6575055,0.69036165,1.3280910000000001,1.4235118,0.621416,0.6580961,0.6222775,0.6504085500000001,0.5000521153227423,0.4851689625192908,0.5169266548495575,0.0,head_major_head_first,0.487166;0.503601;0.500052,head_major_head_first;head_major_head_first;head_major_head_first,0,3,False,True,1.0632818172452692,1.0527920925280592,1.0707399907361113,0.9583333333333334,head_major_block_first,1.067438;1.060466;1.059165,head_major_block_first;head_major_block_first;head_major_block_first,3,0,True,False,1.059288141984801,1.0500297055117027,1.068517980002956,0.8833333333333333,block_major_block_first,1.053733;1.060999;1.059038,block_major_block_first;block_major_block_first;block_major_block_first,3,0,True,False,2.1133023893796103,2.0828119155175444,2.135390117834528,1.0,block_major_block_first,2.145129;2.115983;2.086127,block_major_block_first;block_major_block_first;block_major_block_first,3,0,True,False,0.9962085320745052,0.9839823911735271,1.0036622902245267,0.4583333333333333,tie,0.991606;1.001775;0.989974,tie;tie;tie,0,0,False,False,head_major_block_first
mha2_transition,mha2_b4_s16384,mha2_transition,mha2,2,2,64,4,16384,64,32,sequential_outer_loop,8388608,33554432,8388608,33554432,256,1024,64,latin_square_cycle4,0;1;2,3,1,120,0.7858695,0.83244885,1.5552535,1.710017,0.7606109999999999,0.8263415499999999,0.7135199999999999,0.7480741000000001,0.5100538795073166,0.49096849662172753,0.5198873689913839,0.0,head_major_head_first,0.513164;0.508596;0.512856,head_major_head_first;head_major_head_first;head_major_head_first,0,3,False,True,1.0378963305001678,1.0227976641125718,1.0473229729417206,0.7333333333333333,tie,1.035373;1.041018;1.029520,tie;tie;tie,0,0,False,False,1.0964653251476826,1.084894001550932,1.1212538188012766,0.9333333333333333,block_major_block_first,1.090027;1.092836;1.102141,block_major_block_first;block_major_block_first;block_major_block_first,3,0,True,False,2.1754946466510816,2.1517820553602083,2.211415072663565,1.0,block_major_block_first,2.193530;2.205701;2.145737,block_major_block_first;block_major_block_first;block_major_block_first,3,0,True,False,1.0688162535445769,1.0587439880760308,1.0867222283705211,0.8166666666666667,block_major_block_first,1.067611;1.064274;1.087021,block_major_block_first;tie;block_major_block_first,2,0,True,False,block_major_block_first
mha2_transition,mha2_b4_s6144,mha2_transition,mha2,2,2,64,4,6144,64,12,sequential_outer_loop,3145728,12582912,3145728,12582912,96,384,64,latin_square_cycle4,0;1;2,3,1,120,0.2446835,0.2495213,0.313518,0.3327615,0.2432815,0.25248360000000003,0.242956,0.25283295,0.7824010636813067,0.7753308687989653,0.789550133744022,0.0,head_major_head_first,0.780559;0.791688;0.779379,head_major_head_first;head_major_head_first;head_major_head_first,0,3,False,True,1.0056046854981844,1.0038084095901563,1.0075507917415019,0.75,tie,1.003759;1.007177;1.006651,tie;tie;tie,0,0,False,False,1.0084069043064594,1.005281907919151,1.010080516100257,0.725,tie,1.005049;1.010723;1.007271,tie;tie;tie,0,0,False,False,1.291198185600536,1.2792907296393201,1.3021689332810533,0.9916666666666667,block_major_block_first,1.296378;1.268762;1.301943,block_major_block_first;block_major_block_first;block_major_block_first,3,0,True,False,1.0026842859754947,0.999175240726613,1.0043434280877768,0.55,tie,0.997816;1.004563;0.999755,tie;tie;tie,0,0,False,False,head_major_head_first
mha2_transition,mha2_b4_s8192,mha2_transition,mha2,2,2,64,4,8192,64,16,sequential_outer_loop,4194304,16777216,4194304,16777216,128,512,64,latin_square_cycle4,0;1;2,3,1,120,0.341565,0.3556821,0.5593175,0.6094341999999999,0.336862,0.353237,0.33842,0.35752055,0.6114720322407348,0.6035045232020817,0.6218271217444449,0.0,head_major_head_first,0.614563;0.613763;0.597557,head_major_head_first;head_major_head_first;head_major_head_first,0,3,False,True,1.0168834313863642,1.014070609304216,1.0187207722731808,0.925,tie,1.015052;1.021654;1.010617,tie;tie;tie,0,0,False,False,1.0101829120924963,1.0060736654264688,1.014692049236781,0.725,tie,1.015425;1.009017;1.008527,tie;tie;tie,0,0,False,False,1.6361796896279768,1.6129752665959467,1.6622252306815348,1.0,block_major_block_first,1.630231;1.619279;1.684393,block_major_block_first;block_major_block_first;block_major_block_first,3,0,True,False,0.9945091280470969,0.9904462478864365,0.9969490361292663,0.35,tie,0.997867;0.988615;0.996969,tie;tie;tie,0,0,False,False,head_major_head_first
