phase,layout,batch_size,seq_len,seq_bucket,shape,num_q_heads,num_kv_heads,head_dim,exit_fraction,baseline_block_size,best_block_size,baseline_ms,best_ms,speedup,p95_speedup,win_ge_5pct,win_ge_10pct,p95_not_worse,block16_ms,best_vs_block16_speedup
decode,head_major,1,128,short,llama_gqa,32,8,128,0.0,64,256,0.039495,0.037781999999999996,1.0453390503414326,1.0172798782035017,False,False,True,0.0397,1.050764914509555
decode,head_major,1,128,short,llama_gqa,32,8,128,0.25,64,256,0.039348999999999995,0.037812,1.0406484713847455,1.046689930971242,False,False,True,0.0413175,1.0927086639162171
decode,head_major,1,128,short,llama_gqa,32,8,128,0.5,64,128,0.038658,0.037266,1.0373530832394138,1.0404105693158903,False,False,True,0.040226,1.0794289701067996
decode,head_major,1,128,short,llama_gqa,32,8,128,0.75,64,128,0.038974,0.037441,1.040944419219572,1.0202374936836787,False,False,True,0.04009,1.0707513154029005
decode,head_major,1,128,short,mha,8,8,64,0.0,128,256,0.0319685,0.031632999999999994,1.010606012708248,1.0194699003363263,False,False,True,0.032194,1.0177346442006767
decode,head_major,1,128,short,mha,8,8,64,0.25,128,128,0.032008499999999995,0.032008499999999995,1.0,1.0,False,False,True,0.032014,1.000171829357827
decode,head_major,1,128,short,mha,8,8,64,0.5,128,128,0.031988,0.031988,1.0,1.0,False,False,True,0.0329645,1.0305270726522446
decode,head_major,1,128,short,mha,8,8,64,0.75,128,128,0.031748,0.031748,1.0,1.0,False,False,True,0.03311,1.042900340178909
decode,head_major,1,128,short,slm_gqa,8,4,64,0.0,256,16,0.031848,0.031042,1.025964821854262,0.9996961409905802,False,False,False,0.031042,1.0
decode,head_major,1,128,short,slm_gqa,8,4,64,0.25,256,128,0.03251950000000001,0.031818,1.0220472688415365,1.030782004366678,False,False,True,0.031934000000000004,1.0036457351184866
decode,head_major,1,128,short,slm_gqa,8,4,64,0.5,256,256,0.032163,0.032163,1.0,1.0,False,False,True,0.032164,1.000031091627025
decode,head_major,1,128,short,slm_gqa,8,4,64,0.75,256,16,0.032584,0.031818,1.0240744232824188,1.0057246158481472,False,False,True,0.031818,1.0
decode,head_major,1,512,short,llama_gqa,32,8,128,0.0,64,128,0.047091,0.045975,1.024274061990212,1.0290612109528843,False,False,True,0.049670000000000006,1.0803697661772704
decode,head_major,1,512,short,llama_gqa,32,8,128,0.25,64,128,0.048108,0.04605,1.0446905537459283,1.0221017256664537,False,False,True,0.054713,1.1881216069489684
decode,head_major,1,512,short,llama_gqa,32,8,128,0.5,64,128,0.047747,0.0467055,1.0222993009388617,1.0056280112975577,False,False,True,0.0492095,1.053612529573605
decode,head_major,1,512,short,llama_gqa,32,8,128,0.75,64,128,0.0503465,0.046125,1.0915230352303524,1.090201436763762,True,False,True,0.0502665,1.0897886178861789
decode,head_major,1,512,short,mha,8,8,64,0.0,128,128,0.034722,0.034722,1.0,1.0,False,False,True,0.037542,1.0812165197857264
decode,head_major,1,512,short,mha,8,8,64,0.25,128,256,0.034547499999999995,0.034311999999999995,1.006863487992539,0.9927225072496098,False,False,False,0.037772,1.1008393564933552
decode,head_major,1,512,short,mha,8,8,64,0.5,128,128,0.034177,0.034177,1.0,1.0,False,False,True,0.0380175,1.1123708927056208
decode,head_major,1,512,short,mha,8,8,64,0.75,128,128,0.034357,0.034357,1.0,1.0,False,False,True,0.037056000000000006,1.078557499199581
decode,head_major,1,512,short,slm_gqa,8,4,64,0.0,256,128,0.034447000000000005,0.034101,1.0101463300196476,1.0060270355595098,False,False,True,0.037597,1.1025189877129702
decode,head_major,1,512,short,slm_gqa,8,4,64,0.25,256,128,0.034492,0.034436999999999995,1.001597119377414,1.006535390560623,False,False,True,0.037682499999999994,1.0942445625344832
decode,head_major,1,512,short,slm_gqa,8,4,64,0.5,256,128,0.034788,0.034392,1.0115143056524774,1.0037202169653252,False,False,True,0.0374515,1.0889596417771574
decode,head_major,1,512,short,slm_gqa,8,4,64,0.75,256,256,0.0345125,0.0345125,1.0,1.0,False,False,True,0.037316,1.0812314378848245
decode,head_major,1,2048,medium,llama_gqa,32,8,128,0.0,64,128,0.0831005,0.08250450000000001,1.007223848396148,0.9051667620583798,False,False,False,0.093717,1.1359016780902857
decode,head_major,1,2048,medium,llama_gqa,32,8,128,0.25,64,128,0.0828955,0.08122750000000001,1.0205349173617309,0.7080252494950946,False,False,False,0.094192,1.1596072758610074
decode,head_major,1,2048,medium,llama_gqa,32,8,128,0.5,64,256,0.1011835,0.08173849999999999,1.2378927922582383,1.1124595119844527,True,True,True,0.11645649999999999,1.4247447653186687
decode,head_major,1,2048,medium,llama_gqa,32,8,128,0.75,64,128,0.10244500000000001,0.082209,1.246153097592721,1.1408467024111741,True,True,True,0.117398,1.4280431582916713
decode,head_major,1,2048,medium,mha,8,8,64,0.0,128,256,0.054247000000000004,0.0539565,1.005383966713927,1.0091435037322285,False,False,True,0.062625,1.1606571960746157
decode,head_major,1,2048,medium,mha,8,8,64,0.25,128,128,0.054292,0.054292,1.0,1.0,False,False,True,0.063301,1.1659360495100566
decode,head_major,1,2048,medium,mha,8,8,64,0.5,128,256,0.054006,0.053886,1.0022269235051775,1.032808972398223,False,False,True,0.06311,1.1711761867646513
decode,head_major,1,2048,medium,mha,8,8,64,0.75,128,256,0.0541615,0.0539265,1.0043577832790929,1.1198469424590283,False,False,True,0.062655,1.1618591972406886
decode,head_major,1,2048,medium,slm_gqa,8,4,64,0.0,256,256,0.054152,0.054152,1.0,1.0,False,False,True,0.063065,1.1645922588270055
decode,head_major,1,2048,medium,slm_gqa,8,4,64,0.25,256,256,0.053736,0.053736,1.0,1.0,False,False,True,0.062485,1.162814500521066
decode,head_major,1,2048,medium,slm_gqa,8,4,64,0.5,256,256,0.0542125,0.0542125,1.0,1.0,False,False,True,0.06349099999999999,1.1711505649066174
decode,head_major,1,2048,medium,slm_gqa,8,4,64,0.75,256,256,0.053796,0.053796,1.0,1.0,False,False,True,0.06295100000000001,1.1701799390289243
decode,head_major,1,8192,long,llama_gqa,32,8,128,0.0,64,256,0.209492,0.203838,1.0277377132821164,1.024781701156996,False,False,True,0.2490015,1.2215656550790333
decode,head_major,1,8192,long,llama_gqa,32,8,128,0.25,64,256,0.29525199999999996,0.20335799999999998,1.4518828863383786,1.4487976984234978,True,True,True,0.25078,1.2331946616312122
decode,head_major,1,8192,long,llama_gqa,32,8,128,0.5,64,256,0.2211495,0.203723,1.0855401697402847,1.0831004438599376,True,False,True,0.249378,1.2241033167585398
decode,head_major,1,8192,long,llama_gqa,32,8,128,0.75,64,256,0.22175050000000002,0.2034125,1.090151785165612,1.2154600843312862,True,False,True,0.24961299999999997,1.2271271431205062
decode,head_major,1,8192,long,mha,8,8,64,0.0,128,256,0.131068,0.1298915,1.0090575595785714,1.0057036963901906,False,False,True,0.163763,1.2607676406847252
decode,head_major,1,8192,long,mha,8,8,64,0.25,128,256,0.1311235,0.130057,1.0082002506593262,1.0093646196763428,False,False,True,0.16461900000000002,1.265745019491454
decode,head_major,1,8192,long,mha,8,8,64,0.5,128,256,0.131599,0.12981199999999998,1.0137660616892121,1.0278100804847445,False,False,True,0.1634975,1.2594944997380828
decode,head_major,1,8192,long,mha,8,8,64,0.75,128,256,0.131494,0.129636,1.0143324385201642,1.0187879342422304,False,False,True,0.163127,1.2583464469746057
decode,head_major,1,8192,long,slm_gqa,8,4,64,0.0,256,256,0.13075799999999999,0.13075799999999999,1.0,1.0,False,False,True,0.16278199999999998,1.244910445250004
decode,head_major,1,8192,long,slm_gqa,8,4,64,0.25,256,256,0.1305675,0.1305675,1.0,1.0,False,False,True,0.163127,1.2493691002738048
decode,head_major,1,8192,long,slm_gqa,8,4,64,0.5,256,256,0.13059749999999998,0.13059749999999998,1.0,1.0,False,False,True,0.163012,1.2482015352514406
decode,head_major,1,8192,long,slm_gqa,8,4,64,0.75,256,256,0.1304825,0.1304825,1.0,1.0,False,False,True,0.162556,1.2458069089724677
decode,head_major,4,128,short,llama_gqa,32,8,128,0.0,64,128,0.0525845,0.0512825,1.0253887778481938,0.9756626798826531,False,False,False,0.055018,1.0728416126358893
decode,head_major,4,128,short,llama_gqa,32,8,128,0.25,64,256,0.066997,0.063081,1.0620789144116296,1.061507334344967,True,False,True,0.065529,1.038807247824226
decode,head_major,4,128,short,llama_gqa,32,8,128,0.5,64,128,0.0478875,0.044142,1.0848511621584884,1.0644416411879156,True,False,True,0.048993999999999996,1.1099179919351183
decode,head_major,4,128,short,llama_gqa,32,8,128,0.75,64,128,0.0399805,0.037011,1.0802329037313232,1.039965664369209,True,False,True,0.0398405,1.0764502445218989
decode,head_major,4,128,short,mha,8,8,64,0.0,128,128,0.037155999999999995,0.037155999999999995,1.0,1.0,False,False,True,0.038788500000000004,1.0439363763591347
decode,head_major,4,128,short,mha,8,8,64,0.25,128,64,0.0365805,0.036250000000000004,1.0091172413793104,0.9908962276744001,False,False,False,0.036490499999999995,1.0066344827586204
decode,head_major,4,128,short,mha,8,8,64,0.5,128,128,0.033561,0.033561,1.0,1.0,False,False,True,0.03586,1.0685021304490332
decode,head_major,4,128,short,mha,8,8,64,0.75,128,64,0.032114000000000004,0.031933500000000004,1.005652371334179,1.0051845074717902,False,False,True,0.03326,1.0415394491678016
decode,head_major,4,128,short,slm_gqa,8,4,64,0.0,256,256,0.036740499999999995,0.036740499999999995,1.0,1.0,False,False,True,0.0393,1.0696642669533623
decode,head_major,4,128,short,slm_gqa,8,4,64,0.25,256,128,0.0355635,0.035008,1.0158678016453382,1.0542247386759582,False,False,True,0.0373465,1.0667990173674589
decode,head_major,4,128,short,slm_gqa,8,4,64,0.5,256,256,0.034016500000000005,0.034016500000000005,1.0,1.0,False,False,True,0.034642000000000006,1.018388135169697
decode,head_major,4,128,short,slm_gqa,8,4,64,0.75,256,64,0.032499,0.032058500000000004,1.0137405056381301,1.0070079219987813,False,False,True,0.033301,1.0387572718623763
decode,head_major,4,512,short,llama_gqa,32,8,128,0.0,64,64,0.08341599999999999,0.08341599999999999,1.0,1.0,False,False,True,0.09907,1.1876618394552605
decode,head_major,4,512,short,llama_gqa,32,8,128,0.25,64,16,0.1013985,0.09473799999999999,1.0703044185015518,1.357875750821011,True,False,True,0.09473799999999999,1.0
decode,head_major,4,512,short,llama_gqa,32,8,128,0.5,64,256,0.0570715,0.0569515,1.0021070560037926,0.9606317424129784,False,False,False,0.058434,1.0260309210468557
decode,head_major,4,512,short,llama_gqa,32,8,128,0.75,64,128,0.046560000000000004,0.045674,1.0193983447913475,1.0255186144591208,False,False,True,0.049394999999999994,1.0814686692647895
decode,head_major,4,512,short,mha,8,8,64,0.0,128,256,0.0406765,0.040481,1.0048294261505397,1.0234686805439381,False,False,True,0.0431005,1.0647093698278203
decode,head_major,4,512,short,mha,8,8,64,0.25,128,128,0.039425,0.039425,1.0,1.0,False,False,True,0.041347499999999995,1.0487634749524413
decode,head_major,4,512,short,mha,8,8,64,0.5,128,128,0.0373915,0.0373915,1.0,1.0,False,False,True,0.039104,1.0457991789577845
decode,head_major,4,512,short,mha,8,8,64,0.75,128,256,0.0348575,0.034557000000000004,1.0086957779899874,0.9994410909903866,False,False,False,0.036986,1.0702896663483519
decode,head_major,4,512,short,slm_gqa,8,4,64,0.0,256,256,0.039960499999999996,0.039960499999999996,1.0,1.0,False,False,True,0.0471515,1.1799527032945034
decode,head_major,4,512,short,slm_gqa,8,4,64,0.25,256,256,0.039168999999999995,0.039168999999999995,1.0,1.0,False,False,True,0.042318999999999996,1.0804207408920319
decode,head_major,4,512,short,slm_gqa,8,4,64,0.5,256,256,0.0371965,0.0371965,1.0,1.0,False,False,True,0.0445725,1.1982982269837217
decode,head_major,4,512,short,slm_gqa,8,4,64,0.75,256,128,0.034778,0.034477,1.0087304579864838,1.013341642353341,False,False,True,0.037472,1.0868695072077037
decode,head_major,4,2048,medium,llama_gqa,32,8,128,0.0,64,128,0.2184055,0.2178795,1.0024141784793887,1.1147588388117022,False,False,True,0.2545655,1.1683774747050548
decode,head_major,4,2048,medium,llama_gqa,32,8,128,0.25,64,16,0.38881299999999996,0.19524550000000002,1.9914056918085177,2.462093060080386,True,True,True,0.19524550000000002,1.0
decode,head_major,4,2048,medium,llama_gqa,32,8,128,0.5,64,128,0.092585,0.09160850000000001,1.0106594912044187,0.7662698444467572,False,False,False,0.1016785,1.109924297417816
decode,head_major,4,2048,medium,llama_gqa,32,8,128,0.75,64,256,0.0846585,0.0817485,1.0355969834308887,1.0076261595252953,False,False,True,0.09098300000000001,1.1129623173513887
decode,head_major,4,2048,medium,mha,8,8,64,0.0,128,256,0.0617335,0.0608925,1.013811224699265,1.0189264259414765,False,False,True,0.077572,1.273917149074188
decode,head_major,4,2048,medium,mha,8,8,64,0.25,128,128,0.060677,0.060677,1.0,1.0,False,False,True,0.0675775,1.1137251347297987
decode,head_major,4,2048,medium,mha,8,8,64,0.5,128,256,0.0579175,0.0576575,1.0045093873303559,1.1378517408189683,False,False,True,0.066326,1.1503447079738107
decode,head_major,4,2048,medium,mha,8,8,64,0.75,128,256,0.054177,0.053997,1.0033335185288073,0.9933577480970847,False,False,False,0.061123,1.1319702946459986
decode,head_major,4,2048,medium,slm_gqa,8,4,64,0.0,256,256,0.060275999999999996,0.060275999999999996,1.0,1.0,False,False,True,0.075795,1.2574656579733228
decode,head_major,4,2048,medium,slm_gqa,8,4,64,0.25,256,128,0.061448,0.0600155,1.0238688338845798,1.018469233975695,False,False,True,0.0675525,1.1255842240754472
decode,head_major,4,2048,medium,slm_gqa,8,4,64,0.5,256,64,0.057602,0.057581999999999994,1.0003473307630857,1.0231456078216192,False,False,True,0.065709,1.1411378555798688
decode,head_major,4,2048,medium,slm_gqa,8,4,64,0.75,256,256,0.053982,0.053982,1.0,1.0,False,False,True,0.064578,1.1962876514393685
decode,head_major,4,8192,long,llama_gqa,32,8,128,0.0,64,128,0.791999,0.728167,1.0876612095851639,1.0802300235904727,True,False,True,0.8767324999999999,1.2040266861859985
decode,head_major,4,8192,long,llama_gqa,32,8,128,0.25,64,128,2.2517585,1.9866065,1.133469813976749,1.0696238841590748,True,True,True,2.2141580000000003,1.11454281459363
decode,head_major,4,8192,long,llama_gqa,32,8,128,0.5,64,128,0.308457,0.2171285,1.4206195870187468,1.4409231533545603,True,True,True,0.261406,1.203923022541951
decode,head_major,4,8192,long,llama_gqa,32,8,128,0.75,64,256,0.2085805,0.20344800000000002,1.0252275765797647,1.0303555181456814,False,False,True,0.2451215,1.2048361252015256
decode,head_major,4,8192,long,mha,8,8,64,0.0,128,256,0.137503,0.1363115,1.0087410086456388,1.0533219711867616,False,False,True,0.180388,1.323351294644986
decode,head_major,4,8192,long,mha,8,8,64,0.25,128,128,0.137313,0.137313,1.0,1.0,False,False,True,0.1718805,1.2517423696226868
decode,head_major,4,8192,long,mha,8,8,64,0.5,128,256,0.13456849999999998,0.13301649999999998,1.011667725432559,1.0260671590875383,False,False,True,0.166667,1.2529798934718628
decode,head_major,4,8192,long,mha,8,8,64,0.75,128,256,0.131519,0.130342,1.009030090070737,1.0917279551141101,False,False,True,0.153502,1.1776863942551135
decode,head_major,4,8192,long,slm_gqa,8,4,64,0.0,256,256,0.1370875,0.1370875,1.0,1.0,False,False,True,0.1794165,1.3087735935077962
decode,head_major,4,8192,long,slm_gqa,8,4,64,0.25,256,128,0.147613,0.1375635,1.0730535352764359,1.0743645116622782,True,False,True,0.1743335,1.2672947402472312
decode,head_major,4,8192,long,slm_gqa,8,4,64,0.5,256,256,0.134108,0.134108,1.0,1.0,False,False,True,0.1693315,1.2626502520356726
decode,head_major,4,8192,long,slm_gqa,8,4,64,0.75,256,256,0.130192,0.130192,1.0,1.0,False,False,True,0.16309649999999998,1.2527382634877717
decode,head_major,16,128,short,llama_gqa,32,8,128,0.0,64,16,0.1332215,0.130463,1.021143925864038,0.9142235379219374,False,False,False,0.130463,1.0
decode,head_major,16,128,short,llama_gqa,32,8,128,0.25,64,64,0.1119595,0.1119595,1.0,1.0,False,False,True,0.1121595,1.001786360246339
decode,head_major,16,128,short,llama_gqa,32,8,128,0.5,64,64,0.061017,0.061017,1.0,1.0,False,False,True,0.0660505,1.0824934034777192
decode,head_major,16,128,short,llama_gqa,32,8,128,0.75,64,256,0.049349500000000004,0.0493445,1.0001013284155276,0.9693211956132177,False,False,False,0.05293,1.0726626067748177
decode,head_major,16,128,short,mha,8,8,64,0.0,128,128,0.0678125,0.0678125,1.0,1.0,False,False,True,0.07521900000000001,1.109220276497696
decode,head_major,16,128,short,mha,8,8,64,0.25,128,128,0.062424999999999994,0.062424999999999994,1.0,1.0,False,False,True,0.06475800000000001,1.0373728474169006
decode,head_major,16,128,short,mha,8,8,64,0.5,128,64,0.0446025,0.040371000000000004,1.1048153377424388,1.0711773807849205,True,True,True,0.045339000000000004,1.1230586311956603
decode,head_major,16,128,short,mha,8,8,64,0.75,128,256,0.0372515,0.0370105,1.0065116656084083,1.0161405174460005,False,False,True,0.038623000000000005,1.0435687169857204
decode,head_major,16,128,short,slm_gqa,8,4,64,0.0,256,32,0.050817,0.0500255,1.0158219308152843,0.9797433917870667,False,False,False,0.0520535,1.0405393249442785
decode,head_major,16,128,short,slm_gqa,8,4,64,0.25,256,64,0.047382,0.046259999999999996,1.024254215304799,1.00922969875573,False,False,True,0.047547,1.0278210116731519
decode,head_major,16,128,short,slm_gqa,8,4,64,0.5,256,32,0.039936,0.039435,1.0127044503613543,0.9739689138753721,False,False,False,0.042409,1.0754152402687969
decode,head_major,16,128,short,slm_gqa,8,4,64,0.75,256,64,0.037076,0.035924,1.0320676984745574,1.095329239439615,False,False,True,0.038343,1.0673365994878077
decode,head_major,16,512,short,llama_gqa,32,8,128,0.0,64,16,0.404758,0.231796,1.7461819876097948,1.5746991909983161,True,True,True,0.231796,1.0
decode,head_major,16,512,short,llama_gqa,32,8,128,0.25,64,16,0.29352900000000004,0.1998475,1.4687649332616122,1.5282841100552993,True,True,True,0.1998475,1.0
decode,head_major,16,512,short,llama_gqa,32,8,128,0.5,64,64,0.09382650000000001,0.09382650000000001,1.0,1.0,False,False,True,0.10999600000000001,1.1723340420883226
decode,head_major,16,512,short,llama_gqa,32,8,128,0.75,64,128,0.084002,0.08258,1.0172196657786388,0.9491489110989706,False,False,False,0.1011685,1.2250968757568417
decode,head_major,16,512,short,mha,8,8,64,0.0,128,16,0.2212445,0.120332,1.8386173253997276,1.8013067992916416,True,True,True,0.120332,1.0
decode,head_major,16,512,short,mha,8,8,64,0.25,128,16,0.1706885,0.09344649999999999,1.826590616020932,1.7039583121159656,True,True,True,0.09344649999999999,1.0
decode,head_major,16,512,short,mha,8,8,64,0.5,128,256,0.049675,0.048088000000000006,1.033001996340043,1.0217391304347827,False,False,True,0.052234,1.0862169356180336
decode,head_major,16,512,short,mha,8,8,64,0.75,128,64,0.040767,0.040467,1.0074134479946621,0.9835577238823474,False,False,False,0.0472615,1.1679022413324436
decode,head_major,16,512,short,slm_gqa,8,4,64,0.0,256,64,0.0643125,0.061629,1.0435428126369077,1.017929934868609,False,False,True,0.069911,1.1343847863830339
decode,head_major,16,512,short,slm_gqa,8,4,64,0.25,256,64,0.0577125,0.054873,1.0517467607019846,1.03641973180737,True,False,True,0.062454499999999996,1.1381644889107576
decode,head_major,16,512,short,slm_gqa,8,4,64,0.5,256,256,0.0503965,0.0503965,1.0,1.0,False,False,True,0.0562555,1.1162580734773249
decode,head_major,16,512,short,slm_gqa,8,4,64,0.75,256,64,0.040731500000000004,0.040541499999999994,1.004686555751514,1.039478681986516,False,False,True,0.0425845,1.0503928073702256
decode,head_major,16,2048,medium,llama_gqa,32,8,128,0.0,64,16,1.531883,1.3140045,1.1658125980542686,1.0279675326943905,True,True,True,1.3140045,1.0
decode,head_major,16,2048,medium,llama_gqa,32,8,128,0.25,64,16,1.058422,0.792325,1.3358432461426815,1.3777449269603228,True,True,True,0.792325,1.0
decode,head_major,16,2048,medium,llama_gqa,32,8,128,0.5,64,64,0.23815999999999998,0.23815999999999998,1.0,1.0,False,False,True,0.2748815,1.1541883607658718
decode,head_major,16,2048,medium,llama_gqa,32,8,128,0.75,64,128,0.219242,0.217499,1.0080138299486434,1.0103159164388096,False,False,True,0.2566935,1.1802054262318449
decode,head_major,16,2048,medium,mha,8,8,64,0.0,128,32,0.7345565000000001,0.457092,1.6070211248501398,1.6623352949867507,True,True,True,0.4701915,1.0286583444908246
decode,head_major,16,2048,medium,mha,8,8,64,0.25,128,16,0.4737325,0.2252205,2.103416429676695,2.2869043590837537,True,True,True,0.2252205,1.0
decode,head_major,16,2048,medium,mha,8,8,64,0.5,128,256,0.077177,0.06898950000000001,1.1186774799063623,1.0031971275039042,True,True,True,0.0811475,1.1762297161162203
decode,head_major,16,2048,medium,mha,8,8,64,0.75,128,64,0.0611425,0.060616500000000004,1.0086775052997121,1.0064372170674543,False,False,True,0.07829349999999999,1.2916202684087663
decode,head_major,16,2048,medium,slm_gqa,8,4,64,0.0,256,256,0.10604,0.10604,1.0,1.0,False,False,True,0.129576,1.2219539796303283
decode,head_major,16,2048,medium,slm_gqa,8,4,64,0.25,256,256,0.099215,0.099215,1.0,1.0,False,False,True,0.1196065,1.205528397923701
decode,head_major,16,2048,medium,slm_gqa,8,4,64,0.5,256,64,0.092695,0.091749,1.0103107390816248,1.0109819946367002,False,False,True,0.11102300000000001,1.2100731343120907
decode,head_major,16,2048,medium,slm_gqa,8,4,64,0.75,256,256,0.0603565,0.0603565,1.0,1.0,False,False,True,0.072144,1.1952979380845477
decode,head_major,16,8192,long,llama_gqa,32,8,128,0.0,64,32,2.0896575,2.0763325000000004,1.0064175655873997,0.9934017762172611,False,False,False,2.1456785,1.0333983116865915
decode,head_major,16,8192,long,llama_gqa,32,8,128,0.25,64,16,2.226274,1.5582440000000002,1.4287069290817098,1.9724905906972257,True,True,True,1.5582440000000002,1.0
decode,head_major,16,8192,long,llama_gqa,32,8,128,0.5,64,128,0.902761,0.7952085,1.1352506921140808,1.123321223996857,True,True,True,0.9492575,1.1937215208338443
decode,head_major,16,8192,long,llama_gqa,32,8,128,0.75,64,64,0.7253725,0.7253725,1.0,1.0,False,False,True,0.8727715,1.2032045604155108
decode,head_major,16,8192,long,mha,8,8,64,0.0,128,16,2.31294,1.8908075,1.223255143635722,1.030781211737919,True,True,True,1.8908075,1.0
decode,head_major,16,8192,long,mha,8,8,64,0.25,128,64,2.0957665,1.9077725,1.0985410996332108,0.9698031722547839,True,False,False,2.0400185,1.0693195860617553
decode,head_major,16,8192,long,mha,8,8,64,0.5,128,256,0.17406850000000001,0.1655955,1.051166849340713,1.0634873037387103,True,False,True,0.31116600000000005,1.8790728008913289
decode,head_major,16,8192,long,mha,8,8,64,0.75,128,128,0.13773849999999999,0.13773849999999999,1.0,1.0,False,False,True,0.178375,1.295026445038969
decode,head_major,16,8192,long,slm_gqa,8,4,64,0.0,256,256,0.2752565,0.2752565,1.0,1.0,False,False,True,0.45278,1.6449384483200216
decode,head_major,16,8192,long,slm_gqa,8,4,64,0.25,256,64,0.268822,0.2611,1.029574875526618,1.0358415562339685,False,False,True,0.35685049999999996,1.3667196476445804
decode,head_major,16,8192,long,slm_gqa,8,4,64,0.5,256,256,0.24776,0.24776,1.0,1.0,False,False,True,0.339569,1.3705561834032935
decode,head_major,16,8192,long,slm_gqa,8,4,64,0.75,256,256,0.13739800000000002,0.13739800000000002,1.0,1.0,False,False,True,0.1786305,1.3000953434547808
mtd,head_major,1,128,short,llama_gqa,32,8,128,0.0,64,32,0.085234,0.083051,1.0262850537621462,1.0739589232671838,False,False,True,0.0838865,1.010060083563112
mtd,head_major,1,128,short,llama_gqa,32,8,128,0.25,64,16,0.0843325,0.08307049999999999,1.015191915300859,1.0653518377722047,False,False,True,0.08307049999999999,1.0
mtd,head_major,1,128,short,llama_gqa,32,8,128,0.5,64,16,0.0884885,0.082655,1.0705764926501722,1.0951057623848786,True,False,True,0.082655,1.0
mtd,head_major,1,128,short,llama_gqa,32,8,128,0.75,64,32,0.088083,0.082435,1.068514587250561,1.1280544931497791,True,False,True,0.083727,1.0156729544489598
mtd,head_major,1,128,short,mha,8,8,64,0.0,128,32,0.041012,0.037166000000000005,1.1034816768013775,1.0663766037922424,True,True,True,0.038057,1.0239735241887746
mtd,head_major,1,128,short,mha,8,8,64,0.25,128,32,0.040846499999999994,0.037983,1.075388989811231,1.0435083043360234,True,False,True,0.0396955,1.045085959508201
mtd,head_major,1,128,short,mha,8,8,64,0.5,128,32,0.041703500000000004,0.036850999999999995,1.1316789232313915,1.0775068021267569,True,True,True,0.039775000000000005,1.0793465577596268
mtd,head_major,1,128,short,mha,8,8,64,0.75,128,32,0.0412525,0.0379575,1.086807613778568,1.1281900023083433,True,False,True,0.040311,1.0620035566093657
mtd,head_major,1,128,short,slm_gqa,8,4,64,0.0,256,32,0.03392149999999999,0.031848,1.065106129113288,1.0629495351149054,True,False,True,0.040261000000000005,1.264161014820397
mtd,head_major,1,128,short,slm_gqa,8,4,64,0.25,256,32,0.041783,0.031808,1.313600352112676,1.281110192915966,True,True,True,0.039084,1.2287474849094566
mtd,head_major,1,128,short,slm_gqa,8,4,64,0.5,256,32,0.0430955,0.035838999999999996,1.2024749574485898,1.1189738600578611,True,True,True,0.038538,1.0753090208990208
mtd,head_major,1,128,short,slm_gqa,8,4,64,0.75,256,32,0.041533,0.037236,1.1153990761628532,1.0530735803915825,True,True,True,0.038774,1.0413041142979913
mtd,head_major,1,512,short,llama_gqa,32,8,128,0.0,64,128,0.108504,0.10823350000000001,1.0024992262099996,1.0588097550822173,False,False,True,0.112445,1.0389112428222316
mtd,head_major,1,512,short,llama_gqa,32,8,128,0.25,64,32,0.10907,0.107883,1.0110026602893876,1.0915844663645249,False,False,True,0.1119845,1.03801803805975
mtd,head_major,1,512,short,llama_gqa,32,8,128,0.5,64,64,0.107437,0.107437,1.0,1.0,False,False,True,0.1134815,1.0562608784683116
mtd,head_major,1,512,short,llama_gqa,32,8,128,0.75,64,64,0.1071125,0.1071125,1.0,1.0,False,False,True,0.113482,1.0594655152293149
mtd,head_major,1,512,short,mha,8,8,64,0.0,128,64,0.046726000000000004,0.042469,1.1002378205279146,1.0938062580368624,True,True,True,0.0446175,1.0505898420024018
mtd,head_major,1,512,short,mha,8,8,64,0.25,128,64,0.045052999999999996,0.042339,1.0641016556838847,1.0963055954088954,True,False,True,0.045394000000000004,1.0721556956942773
mtd,head_major,1,512,short,mha,8,8,64,0.5,128,64,0.0467855,0.042254,1.107244284564775,1.0660017346053772,True,True,True,0.044492000000000004,1.0529653997254698
mtd,head_major,1,512,short,mha,8,8,64,0.75,128,64,0.046335,0.042844999999999994,1.081456412650251,1.0765939522922763,True,False,True,0.0453235,1.0578480569494693
mtd,head_major,1,512,short,slm_gqa,8,4,64,0.0,256,64,0.0475165,0.042099,1.1286847668590705,1.064270640148366,True,True,True,0.045218499999999995,1.0740991472481531
mtd,head_major,1,512,short,slm_gqa,8,4,64,0.25,256,64,0.0473165,0.0424695,1.114128963138252,1.081658594315019,True,True,True,0.045043,1.060596428024818
mtd,head_major,1,512,short,slm_gqa,8,4,64,0.5,256,64,0.047007,0.042284,1.1116970958282093,1.0803339233811928,True,True,True,0.044492500000000004,1.0522301579793776
mtd,head_major,1,512,short,slm_gqa,8,4,64,0.75,256,64,0.0472115,0.042023,1.123468100801942,1.105615119822842,True,True,True,0.044177,1.0512576446231827
mtd,head_major,1,2048,medium,llama_gqa,32,8,128,0.0,64,256,0.2434035,0.231029,1.0535625397677346,1.2004847344240517,True,False,True,0.263699,1.1414108185552463
mtd,head_major,1,2048,medium,llama_gqa,32,8,128,0.25,64,256,0.236878,0.233718,1.013520567521543,1.1353329659755405,False,False,True,0.2562625,1.0964602640789327
mtd,head_major,1,2048,medium,llama_gqa,32,8,128,0.5,64,256,0.23833500000000002,0.23141499999999998,1.0299029881381934,1.2067395708741182,False,False,True,0.253639,1.0960352613270532
mtd,head_major,1,2048,medium,llama_gqa,32,8,128,0.75,64,256,0.2389815,0.2336835,1.022671690555816,1.0790784753011953,False,False,True,0.25179050000000003,1.0774851455066363
mtd,head_major,1,2048,medium,mha,8,8,64,0.0,128,64,0.065579,0.062329499999999996,1.0521342221580472,1.2646100098257873,True,False,True,0.069625,1.1170473050481715
mtd,head_major,1,2048,medium,mha,8,8,64,0.25,128,64,0.066796,0.0624995,1.0687445499563997,1.0508631523248892,True,False,True,0.0735715,1.177153417227338
mtd,head_major,1,2048,medium,mha,8,8,64,0.5,128,64,0.0656745,0.0616385,1.0654785564217168,1.2256342627480532,True,False,True,0.07034199999999999,1.1412023329574859
mtd,head_major,1,2048,medium,mha,8,8,64,0.75,128,64,0.06627050000000001,0.0630255,1.0514870964926897,1.0481601374116403,True,False,True,0.0728555,1.1559686158777003
mtd,head_major,1,2048,medium,slm_gqa,8,4,64,0.0,256,64,0.0660045,0.061738,1.0691065470212833,1.0884737954753416,True,False,True,0.068854,1.115261265347112
mtd,head_major,1,2048,medium,slm_gqa,8,4,64,0.25,256,64,0.064723,0.06253,1.0350711658403966,1.0575727837749427,False,False,True,0.0691445,1.1057812250119943
mtd,head_major,1,2048,medium,slm_gqa,8,4,64,0.5,256,64,0.0657995,0.061944,1.0622417021826165,1.0411857251896506,True,False,True,0.0694455,1.1211013173188686
mtd,head_major,1,2048,medium,slm_gqa,8,4,64,0.75,256,64,0.065524,0.0625145,1.048140831327132,1.0554363940321103,False,False,True,0.069701,1.1149573298994633
mtd,head_major,1,8192,long,llama_gqa,32,8,128,0.0,64,128,1.0943455,1.0738940000000001,1.0190442445902481,1.2670355100070443,False,False,True,1.1290935,1.051401255617407
mtd,head_major,1,8192,long,llama_gqa,32,8,128,0.25,64,256,1.105642,1.04818,1.0548207368963347,1.189709630623982,True,False,True,1.1463095,1.093618939495125
mtd,head_major,1,8192,long,llama_gqa,32,8,128,0.5,64,256,1.0725825,0.995295,1.0776528566907297,1.2456608257817248,True,False,True,1.1485180000000001,1.1539473221507193
mtd,head_major,1,8192,long,llama_gqa,32,8,128,0.75,64,64,1.032241,1.032241,1.0,1.0,False,False,True,1.1015565,1.0671505007067148
mtd,head_major,1,8192,long,mha,8,8,64,0.0,128,64,0.140327,0.13881,1.0109286074490311,1.017639677152554,False,False,True,0.169321,1.2198040486996615
mtd,head_major,1,8192,long,mha,8,8,64,0.25,128,128,0.1392855,0.1392855,1.0,1.0,False,False,True,0.169842,1.2193803375082115
mtd,head_major,1,8192,long,mha,8,8,64,0.5,128,128,0.1389555,0.1389555,1.0,1.0,False,False,True,0.168885,1.2153890993879335
mtd,head_major,1,8192,long,mha,8,8,64,0.75,128,64,0.139932,0.139386,1.0039171796306658,0.9809092043422202,False,False,False,0.16968149999999999,1.2173496620894493
mtd,head_major,1,8192,long,slm_gqa,8,4,64,0.0,256,256,0.1380885,0.1380885,1.0,1.0,False,False,True,0.16811399999999999,1.2174366438914173
mtd,head_major,1,8192,long,slm_gqa,8,4,64,0.25,256,256,0.13861,0.13861,1.0,1.0,False,False,True,0.17176999999999998,1.2392323786162611
mtd,head_major,1,8192,long,slm_gqa,8,4,64,0.5,256,64,0.139601,0.138079,1.0110226754249378,0.9980797063080237,False,False,False,0.17066350000000002,1.2359844726569573
mtd,head_major,1,8192,long,slm_gqa,8,4,64,0.75,256,64,0.139701,0.13879950000000002,1.0064949801692367,0.9996501686187258,False,False,False,0.173022,1.246560686457804
mtd,head_major,4,128,short,llama_gqa,32,8,128,0.0,64,64,0.2015,0.2015,1.0,1.0,False,False,True,0.20784950000000002,1.0315111662531018
mtd,head_major,4,128,short,llama_gqa,32,8,128,0.25,64,32,0.169952,0.1698915,1.0003561096346785,0.9933277357962497,False,False,False,0.1753555,1.0321617032046924
mtd,head_major,4,128,short,llama_gqa,32,8,128,0.5,64,64,0.1350245,0.1350245,1.0,1.0,False,False,True,0.141764,1.049913163907291
mtd,head_major,4,128,short,llama_gqa,32,8,128,0.75,64,32,0.084147,0.0836515,1.0059233845179105,1.0183585675177382,False,False,True,0.0842725,1.007423656479561
mtd,head_major,4,128,short,mha,8,8,64,0.0,128,32,0.0785035,0.0775425,1.0123932037269885,0.9128135746096173,False,False,False,0.0785235,1.0126511268014313
mtd,head_major,4,128,short,mha,8,8,64,0.25,128,32,0.0699655,0.068434,1.0223792267001783,1.0006749277827274,False,False,True,0.0706025,1.0316874652950287
mtd,head_major,4,128,short,mha,8,8,64,0.5,128,16,0.060646500000000006,0.058884000000000006,1.0299317301813735,0.9821915885664384,False,False,False,0.058884000000000006,1.0
mtd,head_major,4,128,short,mha,8,8,64,0.75,128,16,0.0410625,0.037762000000000004,1.0874026799427996,1.0284907719314893,True,False,True,0.037762000000000004,1.0
mtd,head_major,4,128,short,slm_gqa,8,4,64,0.0,256,64,0.0783185,0.07670099999999999,1.021088382159294,0.9342425883308515,False,False,False,0.0775125,1.0105800445887279
mtd,head_major,4,128,short,slm_gqa,8,4,64,0.25,256,64,0.0702115,0.06762750000000001,1.0382093083434991,0.9757741987785766,False,False,False,0.0694355,1.0267346863332223
mtd,head_major,4,128,short,slm_gqa,8,4,64,0.5,256,32,0.061237,0.058228,1.0516761695404273,0.9650735579084441,True,False,False,0.059900499999999995,1.0287232946348834
mtd,head_major,4,128,short,slm_gqa,8,4,64,0.75,256,32,0.041142,0.0371965,1.1060718078313818,1.1091122508867284,True,True,True,0.0385785,1.0371540333095857
mtd,head_major,4,512,short,llama_gqa,32,8,128,0.0,64,256,0.28918750000000004,0.2786565,1.0377920486333534,1.0248940173578387,False,False,True,0.3026485,1.0860988349455334
mtd,head_major,4,512,short,llama_gqa,32,8,128,0.25,64,256,0.2362175,0.229572,1.0289473454950953,1.0301765497960456,False,False,True,0.245832,1.0708274528252575
mtd,head_major,4,512,short,llama_gqa,32,8,128,0.5,64,32,0.1836175,0.179537,1.0227279056684693,1.02888953688731,False,False,True,0.1881845,1.0481655591883567
mtd,head_major,4,512,short,llama_gqa,32,8,128,0.75,64,32,0.1091655,0.108319,1.0078148801226008,0.9770522074869901,False,False,False,0.1116935,1.0311533525974206
mtd,head_major,4,512,short,mha,8,8,64,0.0,128,64,0.08902950000000001,0.0889295,1.0011244862503446,1.0918333425674551,False,False,True,0.09149850000000001,1.0288880517713472
mtd,head_major,4,512,short,mha,8,8,64,0.25,128,64,0.078704,0.0761345,1.0337494828231617,1.0862699768820987,False,False,True,0.081443,1.069725288798114
mtd,head_major,4,512,short,mha,8,8,64,0.5,128,32,0.0653485,0.0646075,1.011469256665248,1.0263734258076291,False,False,True,0.065189,1.009000503037573
mtd,head_major,4,512,short,mha,8,8,64,0.75,128,32,0.04594,0.043045,1.0672551980485538,1.080815100430416,True,False,True,0.045139,1.0486467650133582
mtd,head_major,4,512,short,slm_gqa,8,4,64,0.0,256,64,0.087973,0.0857445,1.0259900051898372,0.990190252801668,False,False,False,0.089726,1.0464344651843558
mtd,head_major,4,512,short,slm_gqa,8,4,64,0.25,256,64,0.0764055,0.074773,1.0218327471146,1.0472731163874587,False,False,True,0.0793505,1.0612186216949968
mtd,head_major,4,512,short,slm_gqa,8,4,64,0.5,256,64,0.064487,0.0626295,1.0296585474896016,0.9348167146423649,False,False,False,0.06685150000000001,1.0674123216695008
mtd,head_major,4,512,short,slm_gqa,8,4,64,0.75,256,32,0.046686,0.043135,1.0823229396082068,1.0361183074265976,True,False,True,0.0450735,1.0449403036976934
mtd,head_major,4,2048,medium,llama_gqa,32,8,128,0.0,64,128,1.0457665,1.0057109999999998,1.0398280420518422,1.073743625325851,False,False,True,1.112784,1.1064649785077425
mtd,head_major,4,2048,medium,llama_gqa,32,8,128,0.25,64,32,0.647104,0.6433735,1.0057983426423376,1.0538061051944583,False,False,True,0.6896635,1.0719488757308158
mtd,head_major,4,2048,medium,llama_gqa,32,8,128,0.5,64,256,0.4423945,0.4396795,1.0061749524369457,0.8832639420473851,False,False,False,0.4896655,1.1136873563584384
mtd,head_major,4,2048,medium,llama_gqa,32,8,128,0.75,64,256,0.2422465,0.2338735,1.0358014054606444,1.0625237143404773,False,False,True,0.25461,1.0886654537602591
mtd,head_major,4,2048,medium,mha,8,8,64,0.0,128,32,0.2588465,0.1682645,1.538331020506405,1.898814374810324,True,True,True,0.18487900000000002,1.0987403760151429
mtd,head_major,4,2048,medium,mha,8,8,64,0.25,128,32,0.1797165,0.1438975,1.2489202383641131,1.871319465573884,True,True,True,0.1546035,1.0744001806841674
mtd,head_major,4,2048,medium,mha,8,8,64,0.5,128,32,0.12547,0.11262549999999999,1.1140461085633362,1.9339419588875455,True,True,True,0.11906,1.0571318218343093
mtd,head_major,4,2048,medium,mha,8,8,64,0.75,128,64,0.06608,0.063441,1.0415977049542096,1.22037034205416,False,False,True,0.06959,1.0969247016913353
mtd,head_major,4,2048,medium,slm_gqa,8,4,64,0.0,256,64,0.1590955,0.157243,1.011781128571701,1.5618644956148011,False,False,True,0.1765175,1.1225777936060746
mtd,head_major,4,2048,medium,slm_gqa,8,4,64,0.25,256,256,0.13009199999999999,0.13009199999999999,1.0,1.0,False,False,True,0.1466615,1.1273675552685793
mtd,head_major,4,2048,medium,slm_gqa,8,4,64,0.5,256,256,0.10294049999999999,0.10294049999999999,1.0,1.0,False,False,True,0.1145185,1.1124727391065714
mtd,head_major,4,2048,medium,slm_gqa,8,4,64,0.75,256,32,0.066816,0.0633755,1.0542875401377503,1.3139743964099648,True,False,True,0.069355,1.0943503404312391
mtd,head_major,4,8192,long,llama_gqa,32,8,128,0.0,64,256,6.2863074999999995,6.0173235,1.044701601966389,1.098476874659324,False,False,True,6.287162,1.044843608624333
mtd,head_major,4,8192,long,llama_gqa,32,8,128,0.25,64,64,4.3683315,4.3683315,1.0,1.0,False,False,True,4.583774,1.0493191736936631
mtd,head_major,4,8192,long,llama_gqa,32,8,128,0.5,64,64,2.6610294999999997,2.6610294999999997,1.0,1.0,False,False,True,2.8285644999999997,1.062958715790261
mtd,head_major,4,8192,long,llama_gqa,32,8,128,0.75,64,128,0.9946945,0.9778935,1.0171808075214734,0.971150609844053,False,False,False,1.133585,1.1592111001862677
mtd,head_major,4,8192,long,mha,8,8,64,0.0,128,256,2.0103055000000003,1.925096,1.0442624679496506,1.1126866962018664,False,False,True,2.0353335,1.0572633780341345
mtd,head_major,4,8192,long,mha,8,8,64,0.25,128,64,1.3811235,1.3110279999999999,1.0534660586959241,1.1760776304171388,True,False,True,1.4554969999999998,1.1101952055943884
mtd,head_major,4,8192,long,mha,8,8,64,0.5,128,64,0.5732425000000001,0.4773515,1.2008813212067002,1.7963729884311046,True,True,True,0.4886545,1.023678568099189
mtd,head_major,4,8192,long,mha,8,8,64,0.75,128,128,0.140152,0.140152,1.0,1.0,False,False,True,0.17090850000000002,1.219451024601861
mtd,head_major,4,8192,long,slm_gqa,8,4,64,0.0,256,256,0.643969,0.643969,1.0,1.0,False,False,True,0.764757,1.18756803510728
mtd,head_major,4,8192,long,slm_gqa,8,4,64,0.25,256,32,0.4034305,0.375468,1.0744737234597888,1.3935259291837774,True,False,True,0.4286485,1.1416379025642664
mtd,head_major,4,8192,long,slm_gqa,8,4,64,0.5,256,256,0.256133,0.256133,1.0,1.0,False,False,True,0.31145599999999996,1.2159932535050149
mtd,head_major,4,8192,long,slm_gqa,8,4,64,0.75,256,256,0.139296,0.139296,1.0,1.0,False,False,True,0.16849999999999998,1.2096542614288994
mtd,head_major,16,128,short,llama_gqa,32,8,128,0.0,64,64,0.5818405,0.5818405,1.0,1.0,False,False,True,0.5964425,1.0250962248245008
mtd,head_major,16,128,short,llama_gqa,32,8,128,0.25,64,64,0.455754,0.455754,1.0,1.0,False,False,True,0.465835,1.0221193889686102
mtd,head_major,16,128,short,llama_gqa,32,8,128,0.5,64,32,0.32892750000000004,0.327901,1.003130518052705,0.9800331426614544,False,False,False,0.3335095,1.0171042479284906
mtd,head_major,16,128,short,llama_gqa,32,8,128,0.75,64,32,0.20447949999999998,0.2022355,1.0110959747423176,0.8450260945779052,False,False,False,0.20744400000000002,1.0257546276494482
mtd,head_major,16,128,short,mha,8,8,64,0.0,128,64,0.208335,0.200213,1.0405667963618745,1.034128442113479,False,False,True,0.20355299999999998,1.016682233421406
mtd,head_major,16,128,short,mha,8,8,64,0.25,128,32,0.17234100000000002,0.1676435,1.0280207702654742,1.0009308474016139,False,False,True,0.17340250000000001,1.0343526590652188
mtd,head_major,16,128,short,mha,8,8,64,0.5,128,64,0.1167565,0.113567,1.0280847429270827,0.9899816102982331,False,False,False,0.114949,1.0121690279746758
mtd,head_major,16,128,short,mha,8,8,64,0.75,128,32,0.079425,0.07797799999999999,1.0185565159403935,0.9721567610878069,False,False,False,0.0791245,1.014702864910616
mtd,head_major,16,128,short,slm_gqa,8,4,64,0.0,256,32,0.1910385,0.183748,1.0396766223305831,1.0669840225370648,False,False,True,0.20442500000000002,1.1125291159631672
mtd,head_major,16,128,short,slm_gqa,8,4,64,0.25,256,64,0.175781,0.1664715,1.0559224852302045,1.0951610395443787,True,False,True,0.17036800000000002,1.0234064089048278
mtd,head_major,16,128,short,slm_gqa,8,4,64,0.5,256,64,0.117918,0.113156,1.0420834953515499,1.11074244839919,False,False,True,0.115144,1.0175686662660397
mtd,head_major,16,128,short,slm_gqa,8,4,64,0.75,256,64,0.08093249999999999,0.076611,1.0564083486705564,1.109046820080095,True,False,True,0.077667,1.013783921368994
mtd,head_major,16,512,short,llama_gqa,32,8,128,0.0,64,256,1.1579155,1.1429580000000001,1.0130866576024666,0.9810170989330784,False,False,False,1.2480435,1.0919416986450945
mtd,head_major,16,512,short,llama_gqa,32,8,128,0.25,64,256,0.756128,0.7461884999999999,1.0133203607399472,0.9847499002754071,False,False,False,0.802214,1.0750822345828166
mtd,head_major,16,512,short,llama_gqa,32,8,128,0.5,64,64,0.500367,0.500367,1.0,1.0,False,False,True,0.534914,1.069043322201504
mtd,head_major,16,512,short,llama_gqa,32,8,128,0.75,64,128,0.290649,0.28825049999999997,1.0083208875613399,1.005026225182611,False,False,True,0.300319,1.0418680973667003
mtd,head_major,16,512,short,mha,8,8,64,0.0,128,32,0.28855600000000003,0.23929699999999998,1.205848798773073,1.5143643574196755,True,True,True,0.2449655,1.023688136499831
mtd,head_major,16,512,short,mha,8,8,64,0.25,128,32,0.22167599999999998,0.1958365,1.131944249412137,1.4285614953576833,True,True,True,0.199061,1.0164652656680444
mtd,head_major,16,512,short,mha,8,8,64,0.5,128,64,0.1418345,0.1340425,1.0581308167185781,1.2435159790911052,True,False,True,0.1417695,1.0576458958912285
mtd,head_major,16,512,short,mha,8,8,64,0.75,128,64,0.0914085,0.087613,1.0433211966260716,1.2651204534718943,False,False,True,0.0919995,1.0500667709129923
mtd,head_major,16,512,short,slm_gqa,8,4,64,0.0,256,64,0.236838,0.225817,1.0488050058232994,1.3654248218852023,False,False,True,0.2452965,1.0862623274598457
mtd,head_major,16,512,short,slm_gqa,8,4,64,0.25,256,64,0.192226,0.184729,1.0405837740690418,1.2024630693791956,False,False,True,0.20054349999999999,1.0856091896778524
mtd,head_major,16,512,short,slm_gqa,8,4,64,0.5,256,64,0.1293855,0.12787300000000001,1.0118281419846251,1.2319350188121947,False,False,True,0.1340925,1.0486381018666957
mtd,head_major,16,512,short,slm_gqa,8,4,64,0.75,256,64,0.0885885,0.0864355,1.0249087469847458,1.1806182450619074,False,False,True,0.08946,1.0349914097795465
mtd,head_major,16,2048,medium,llama_gqa,32,8,128,0.0,64,64,6.4169705,6.4169705,1.0,1.0,False,False,True,6.574195,1.0245013593252454
mtd,head_major,16,2048,medium,llama_gqa,32,8,128,0.25,64,64,4.5958404999999996,4.5958404999999996,1.0,1.0,False,False,True,4.665989,1.0152634757450787
mtd,head_major,16,2048,medium,llama_gqa,32,8,128,0.5,64,256,2.7980565,2.7896175000000003,1.0030251459205428,1.018967088791273,False,False,True,2.9502034999999998,1.0575655981510008
mtd,head_major,16,2048,medium,llama_gqa,32,8,128,0.75,64,128,0.9962365,0.935269,1.0651871279813614,0.8945773787240736,True,False,False,1.011355,1.0813519960567495
mtd,head_major,16,2048,medium,mha,8,8,64,0.0,128,64,1.928085,1.7615889999999998,1.094514668290958,1.0906751594507886,True,False,True,2.013671,1.143099213267113
mtd,head_major,16,2048,medium,mha,8,8,64,0.25,128,64,1.3306025,1.269555,1.0480857465804947,1.1274193362857308,False,False,True,1.4399735,1.134234830314559
mtd,head_major,16,2048,medium,mha,8,8,64,0.5,128,16,0.6909244999999999,0.5139125,1.3444399581640842,1.6215197957659033,True,True,True,0.5139125,1.0
mtd,head_major,16,2048,medium,mha,8,8,64,0.75,128,32,0.271691,0.1759905,1.5437821927888153,2.0043889161909805,True,True,True,0.1941735,1.1033180768280106
mtd,head_major,16,2048,medium,slm_gqa,8,4,64,0.0,256,128,0.7096884999999999,0.6880605,1.0314332823930454,1.1151260931697413,False,False,True,0.782363,1.1370555350873943
mtd,head_major,16,2048,medium,slm_gqa,8,4,64,0.25,256,64,0.42046550000000005,0.4087735,1.028602636912618,1.5263358471218462,False,False,True,0.460577,1.1267291054826205
mtd,head_major,16,2048,medium,slm_gqa,8,4,64,0.5,256,64,0.28193100000000004,0.26818600000000004,1.051251743193157,1.4436271092781625,True,False,True,0.31376,1.1699342993295696
mtd,head_major,16,2048,medium,slm_gqa,8,4,64,0.75,256,64,0.160202,0.15898050000000002,1.0076833322325693,1.5440165061898212,False,False,True,0.17803449999999998,1.119851176716641
mtd,head_major,16,8192,long,llama_gqa,32,8,128,0.0,64,16,24.6781775,24.3363005,1.0140480267327403,1.0023973169998273,False,False,True,24.3363005,1.0
mtd,head_major,16,8192,long,llama_gqa,32,8,128,0.25,64,64,18.444094,18.444094,1.0,1.0,False,False,True,18.698406,1.0137882619769776
mtd,head_major,16,8192,long,llama_gqa,32,8,128,0.5,64,64,12.4285865,12.4285865,1.0,1.0,False,False,True,12.7819665,1.0284328390843158
mtd,head_major,16,8192,long,llama_gqa,32,8,128,0.75,64,64,6.2769224999999995,6.2769224999999995,1.0,1.0,False,False,True,6.5784115,1.048031340198959
mtd,head_major,16,8192,long,mha,8,8,64,0.0,128,128,3.892416,3.892416,1.0,1.0,False,False,True,3.9586885,1.0170260578519872
mtd,head_major,16,8192,long,mha,8,8,64,0.25,128,32,2.857521,2.785834,1.0257326890259795,0.9833564347997579,False,False,False,2.8912945,1.0378559885477743
mtd,head_major,16,8192,long,mha,8,8,64,0.5,128,256,2.7542099999999996,2.5430805,1.08302116271978,1.0891750728521663,True,False,True,2.7266095,1.0721679868175624
mtd,head_major,16,8192,long,mha,8,8,64,0.75,128,256,2.2429515,1.910429,1.1740564553825346,1.3532574413707936,True,True,True,1.968448,1.0303696185516447
mtd,head_major,16,8192,long,slm_gqa,8,4,64,0.0,256,128,3.2351020000000004,3.0888109999999998,1.0473615899451278,0.9192275798948498,False,False,False,3.383443,1.0953868656903905
mtd,head_major,16,8192,long,slm_gqa,8,4,64,0.25,256,32,2.7382255,2.7206805000000003,1.0064487542730576,0.9657811590689641,False,False,False,2.8731215,1.056030467377555
mtd,head_major,16,8192,long,slm_gqa,8,4,64,0.5,256,64,2.350905,1.725104,1.3627613175785345,1.5415200656851442,True,True,True,2.1088155,1.2224280391211197
mtd,head_major,16,8192,long,slm_gqa,8,4,64,0.75,256,32,0.671971,0.6691419999999999,1.0042278021705409,1.8249370971235792,False,False,True,0.7251525,1.0837049535076264
